,sofc_power (MW),voltage (V),current_density (mA/cm2),turbine_power (MW),gross_power (MW),asu_load (MW),cpu_load (MW),anode_blower_load (kW),cathode_blower_load (kW),air_blower_load (kW),other_loads (kW),total_aux_load (MW),net_power (MW),thermal_input (MW),efficiency (%),carbon_intensity (g/kWh),natural_gas_flow (kmol/s),total_variable_cost (USD_2018/hr),natural_gas_cost (USD_2018/hr),water_cost (USD_2018/hr),water_treatment_cost (USD_2018/hr),desulfurization_cost (USD_2018/hr),prereformer_catalyst_cost (USD_2018/hr),SOFC_DC_power (MW),SOFC_aux_load (kW),anode_exhaust_F (kmol/s),anode_exhaust_T (K),anode_exhaust_P (kPa),anode_exhaust_xCH4 (),anode_exhaust_xCO (),anode_exhaust_xCO2 (),anode_exhaust_xH2 (),anode_exhaust_xH2O (),anode_exhaust_xN2 ()
649.9999999999999,607.5071589631655,0.8546557607767458,4000.0,86.29325217601473,693.8004111391803,10.757344802098318,21.560496498115842,338.31066126964055,496.85064342361596,3118.049842088092,7529.358692184782,43.8004111391803,649.9999999999999,997.6159235650584,65.15533529949823,7.719891020051356,1.0976814057256952,15602.217879858406,15045.708072147083,179.3155544973068,77.3120428864253,280.16088494698704,19.721325380607308,626.2960401682118,3953.211146781349,3.363109369801321,905.9034139213322,136.9991,2.113482563285066e-05,0.05588609620951141,0.2841846836051887,0.14327131727272233,0.5114145464579619,0.005222221628982786
645.0000000000002,602.9088907433479,0.8550835859595304,3969.2307692307695,85.51312861041478,688.4220193537627,10.670581094032615,21.391186517799834,335.9796681511576,474.21600274544153,3083.2649536080517,7466.791117425382,43.42201935376249,645.0000000000002,989.5695316534453,65.17985642931902,7.63282321841979,1.0888279235629446,15476.305764389006,14924.355093634484,177.81997434681062,76.66722232381767,277.9012134388058,19.562260645090927,621.555557467369,3893.4606245046507,3.3359883939676847,906.5724702809888,136.9991,2.0453288395549197e-05,0.056049220212666014,0.2840217783537046,0.1431106631863632,0.511575670514567,0.005222214444303572
639.9999999999999,598.3616228559671,0.855509408645092,3938.4615384615386,84.70674982620793,683.0683726821749,10.584830148199664,21.22385438281904,333.22251465528313,464.39653616801,3058.4872181249934,7403.581882208055,43.068372682175045,639.9999999999999,981.617151381776,65.19853479527148,7.548204715099026,1.0800778828415845,15351.795903714466,14804.4199670793,176.29374965852801,76.0091893445504,275.6679432576481,19.405054374437714,616.8676524288319,3856.1062689482865,3.3091790745559653,906.0813075521538,136.9991,2.0550577686008796e-05,0.05602560111232756,0.2840453663327087,0.14313393181899528,0.5115523346975539,0.00522221546072849
635.0,593.8124609036593,0.8559355870868772,3907.6923076923076,83.90256816058063,677.7150290642398,10.499126672447636,21.056614877345616,330.46816785864047,454.63111467384897,3033.723198990648,7340.465032923421,42.715029064239815,635.0,973.6691732601212,65.21722341006642,7.462326567304182,1.0713326858262062,15227.35837576405,14684.551232271131,174.77075153160362,75.35254749976002,273.4359093340669,19.247935127488496,612.1777947460405,3818.8224815231374,3.2823846071285177,905.5894128998059,136.9991,2.0647687280424694e-05,0.056002138343831095,0.28406879803847096,0.14315704478950797,0.5115291546657308,0.005222216475178637
630.0,589.2613875031201,0.8563620652179263,3876.923076923077,83.10060266605996,672.3619901691801,10.413471077429058,20.889468802505725,327.71670661339346,444.91920279319237,3008.973014837383,7277.441365001323,42.36199016918007,630.0,965.7256353596111,65.23591969942937,7.375159487575624,1.0625923744066497,15102.993806192975,14564.749463385957,173.25100794009458,74.69730885048334,271.20512235959285,19.090903656850656,607.485966498062,3781.6089242439684,3.2556051209141086,905.0969787637501,136.9991,2.0744476326037895e-05,0.055978864013566054,0.2840920414097864,0.14317997050148068,0.5115061621126695,0.005222217486171271
625.0000000000002,584.7083853347984,0.8567887829414237,3846.153846153846,82.30087292777719,667.0092582625756,10.327863800153127,20.722417010859434,324.9682098410542,435.260658296634,2984.2368813437615,7214.511702081392,42.0092582625754,625.0000000000002,957.7865781957796,65.2546208339375,7.2866733141030835,1.0538569931623436,14978.702859482792,14445.015271465447,171.73454771461252,74.04348582706129,268.9755937122199,18.933960763453715,602.792149829689,3744.46574948145,3.2288407533887304,904.6042020441099,136.9991,2.084079822859657e-05,0.05595581099229196,0.2841150636229201,0.14320267661486386,0.5114833894795319,0.005222218492163421
620.0,580.1534344825992,0.8572156765622728,3815.3846153846157,81.50339929581115,661.6568337784104,10.242305249846147,20.555460300705978,322.22276879685705,425.65383674324573,2959.5147418653496,7151.676880452702,41.65683377841028,620.0,949.8520397049998,65.27332406345691,7.196836818444579,1.0451265838348547,14854.486161731442,14325.349228653226,170.2214005869557,73.3910912483822,266.747334045635,18.777107197241147,598.0963242088651,3707.3913474054525,3.202091633502158,904.111321043053,136.9991,2.093647536990423e-05,0.055933018912828196,0.28413782510202806,0.1432251241398464,0.5114608758786418,0.005222219491285651
614.9999999999999,575.5965161880229,0.8576426770763621,3784.6153846153843,80.70820274400063,656.3047189320234,10.156795892721542,20.388599581570446,319.48046989791067,416.09839007101044,2934.8068171527702,7088.937780609835,41.30471893202352,614.9999999999999,941.9220631098317,65.29202617566126,7.105617904797756,1.0364011939821651,14730.344421973701,14205.75198681742,168.7115974231984,72.74013842237841,264.52035549804737,18.62034381265618,593.3984702969307,3670.385677121691,3.17535790796517,903.6185644793859,136.9991,2.103133342138519e-05,0.05591052590635449,0.28416028777184765,0.1432472755762815,0.5114386589303915,0.0052222204817034224
610.0000000000002,571.0376102592675,0.858069710627476,3753.846153846154,79.9153050659919,650.9529153252595,10.071336198200715,20.221835769213357,316.74140666719984,406.59339758201133,2910.113242998546,7026.295310597387,40.95291532525921,610.0000000000002,933.9966919289451,65.31072382496261,7.012983417068235,1.0276808714880685,14606.27835541782,14086.224202291989,167.20517022040374,72.09064114460885,262.2946702908227,18.463671469995692,588.6985672775953,3633.448047247757,3.1486397245848963,903.12618759051,136.9991,2.1125176661925836e-05,0.05588837446414391,0.2841824092038829,0.14326908914133818,0.5114167805526159,0.0052222214613572085
605.0,566.4766956011424,0.8584966977534054,3723.0769230769233,79.12472893833696,645.6014245394794,9.985926654635717,20.05516981632071,314.00567738237856,397.13781567864714,2885.4341607206707,6963.750414741167,40.6014245394793,605.0,926.0759714357356,65.3294134240458,6.9188991386928285,1.0189656661670905,14482.2887061183,13966.766557875058,165.70215227152994,71.44261376935877,260.0702911381071,18.307091064244734,583.9965934032396,3596.5776537816964,3.1219372371498393,902.634465511814,136.9991,2.1217792186358284e-05,0.05586661037183577,0.2842041436807825,0.14329051981998722,0.5113952859072014,0.005222222428006792
600.0000000000001,561.9137501167976,0.8589235528138675,3692.3076923076924,78.33649801706818,640.2502481338657,9.900567771382965,19.888602716549357,311.27338559433576,387.7304649348025,2860.7697177846403,6901.304077619563,40.25024813386567,600.0000000000001,918.1599488505744,65.34809111975835,6.823329752254459,1.010255629976024,14358.376250135945,13847.379765728401,164.2025783071198,70.79607127072916,257.8472313008165,18.15060352887711,579.2925258936058,3559.7735683137785,3.0952506060839236,902.1436953554088,136.9991,2.130894821953924e-05,0.05584528305550483,0.28422544185080967,0.14331151902502912,0.5113742237412232,0.0052222233792135545
595.0000000000002,557.3487505979856,0.8593501833493912,3661.5384615384614,77.55063704564559,634.8993876436313,9.815260081122913,19.72213550905176,308.54464073104117,378.3700157128979,2836.1200685081417,6838.957328504228,39.89938764363099,595.0000000000002,910.2486735558269,65.3667527661064,6.726238797512825,1.001550817250513,14234.541799072078,13728.064570620252,162.70648465374887,70.15102931095173,255.6255046470205,17.99420984010586,574.5863408226655,3523.0347249520805,3.0685799991779077,901.654198542871,136.9991,2.1398392245762476e-05,0.05582444597017777,0.28424625033992634,0.14333203421534574,0.5113536467699835,0.005222224312320799
590.0,552.7816726019079,0.8597764893601495,3630.769230769231,76.76717197619564,629.5488445781035,9.730004142468378,19.555769283563123,305.8195587576235,369.0549720966055,2811.485374868732,6776.711246349048,39.54884457810351,590.0,902.342197337588,65.38539389389399,6.627588627835326,0.992851284971037,14110.786204041748,13608.82175357109,161.21390941203032,69.50750431713591,253.4051257198294,17.837911021662066,569.8780129916577,3486.359905722961,3.0419255924115927,901.1663234314291,136.9991,2.148584892870361e-05,0.05580415703737421,0.28426651131491965,0.14335200846589724,0.5113336121084483,0.00522222522443184
585.0,548.2124903123862,0.8602023624915901,3600.0,75.98613010636399,624.1986204187502,9.644800542912668,19.38950518615212,303.0982629303418,359.78365388871447,2786.8658074436003,6714.566965422826,39.198620418750274,585.0,894.4405746589691,65.40400967644473,6.527340365031277,0.9841570930636094,13987.110360164994,13489.652135975264,159.72489265750812,68.86551356788408,251.18610981414085,17.681708150197313,565.1675157859652,3449.7477242626564,3.015287570883141,900.6804482806941,136.9991,2.1571017792948857e-05,0.055784479139493276,0.28428616198975865,0.14337137998171928,0.5113141817588501,0.005222226112385621
580.0000000000002,543.6411763826753,0.8606276851111192,3569.2307692307695,75.20754023452844,618.8487166172038,9.559649902181791,19.223344425759443,300.3808846527508,350.55417638061874,2762.2615465273075,6652.525681701685,38.84871661720359,580.0000000000002,886.5438629708086,65.42259489072771,6.425453852619635,0.9754683047416524,13863.515211672526,13370.556584287004,158.239476668621,68.22507529157858,248.9684730638971,17.52560236142589,560.4548210130673,3413.196607560677,2.9886661298654866,900.1969846144913,136.9991,2.1653570634278498e-05,0.055765480680121875,0.2843051340661172,0.14339008154699895,0.5112954231633983,0.005222226972729433
574.9999999999999,539.0677017568645,0.8610523292570706,3538.461538461538,74.43143283655931,613.4991345934237,9.474552876067545,19.05728828167466,297.6675644388641,341.36442758389,2737.672783505727,6590.5886601531565,38.49913459342384,574.9999999999999,878.6521230669839,65.4411438730644,6.321887607591875,0.9667849868969497,13740.001757742772,13251.536015379135,156.75770618630887,67.58620877831093,246.75223254186736,17.369594857148815,555.739898718417,3376.704775528481,2.9620614760141035,899.7163810402899,136.9991,2.1733148622294207e-05,0.05574723622065151,0.2843233530976864,0.14340803989893894,0.5112774098324124,0.005222227801688457
570.0,534.4920354666825,0.8614761554378958,3507.6923076923076,73.65784026767935,608.1498757343618,9.389510160838665,18.89133811213984,294.9584530214617,332.21204265789254,2713.099722637789,6528.757243066226,38.14987573436188,570.0,870.7654194932547,65.45965046840212,6.216598770792973,0.9581072105494992,13616.571059215443,13132.591402709117,155.2796287107183,66.94893450780675,244.53740637446361,17.21368691333604,551.0227169759614,3340.270218317143,2.935473828756398,899.239127592549,136.9991,2.1809359059009976e-05,0.055729827204253735,0.284340737767238,0.14342517501553098,0.5112602220587865,0.005222228595131558
565.0,529.9141444011593,0.8618990112567515,3476.923076923077,72.88679699273894,602.8009413938983,9.30452249834864,18.725495364313318,292.2537125968459,323.0943754848538,2688.5425835782476,6467.032859576284,37.80094139389819,565.0,862.8838210207512,65.47810797189724,6.109543056137038,0.9494350513684924,13493.22424635974,13013.723783460018,153.80529484001923,66.31327429550706,242.32401387471032,17.05787988948654,546.3032416506796,3303.890671659947,2.9089034219001126,898.7657606551531,136.9991,2.188177176870423e-05,0.055713342776433944,0.2843571990672317,0.14344139930806615,0.5112439477279661,0.0052222293485333585
560.0000000000001,525.3339930502656,0.862320729837695,3446.153846153846,72.11833984592461,597.4523328961902,9.219590681994694,18.559761585893117,289.5535182037646,314.0084681343776,2664.001605498546,6405.41703646562,37.45233289619012,560.0000000000001,855.0074011983379,65.4965090612234,6.000674699092315,0.9407685902800849,13369.962527919373,12894.934266871098,152.33475865358662,65.67925145777703,240.11207569736484,16.902175239547734,541.5814361342944,3267.563591836688,2.882350505508527,898.2968684517658,136.9991,2.194991514761507e-05,0.05569788070060899,0.2843726393855016,0.14345661671987078,0.5112286832219384,0.005222230056932551
554.9999999999999,520.7515432390796,0.8627411280483799,3415.3846153846152,71.35250830992754,592.1040515490072,9.13471556373515,18.39413843880545,286.8580591381081,304.9510219272971,2639.4770554611587,6343.911409940181,37.104051549007345,554.9999999999999,847.1362390030989,65.51484571751034,5.889946405464885,0.9321079141831267,13246.787201711815,12776.224044048196,150.86807812659313,65.04689099065813,237.90161402159393,16.746574524774545,536.8572610712162,3231.286136526564,2.855815348105732,897.8330968068839,136.9991,2.2013272117388316e-05,0.05568354832028003,0.2843869515443844,0.14347072177879547,0.5112145343695333,0.0052222307148892975
550.0000000000001,516.1667539415787,0.8631600046232907,3384.6153846153848,70.58934475104644,586.7560986926251,9.049898062493854,18.228627715602737,284.16753983081344,295.91838686919334,2614.969251580506,6282.517736247872,36.756098692624974,550.0000000000001,839.2704196196341,65.53310913177015,5.777309303897185,0.9234531168066262,13123.699667134457,12657.594399716812,149.40531549251997,64.41621972616485,235.69265276982316,16.59107942913488,532.130674166576,3195.055178280513,2.8292982393083275,897.3751535195956,136.9991,2.2071277228941883e-05,0.0556704632966402,0.2844000180640413,0.14348359887010542,0.5112016171755296,0.005222231316454675
545.0,511.5795817399534,0.8635771390512123,3353.846153846154,69.8288941894436,581.408475929397,8.965139174826732,18.063231360289183,281.4821766973608,286.906668781415,2590.478662330061,6221.237886472314,36.40847592939706,545.0,831.4100354298962,65.55128958940188,5.662712920335521,0.9148042997988722,13000.701440018809,12539.046727150511,147.94653698341136,63.78726622029546,233.485217885714,16.435691778877217,527.4016306597458,3158.867507808837,2.8027994931152067,896.9238006883481,136.9991,2.2123322756066564e-05,0.055658752375986616,0.2844117123930905,0.14349512344702461,0.5111900566059076,0.005222231855234719
539.9999999999999,506.98998959439376,0.8639923035384812,3323.0769230769233,69.07119783135084,576.0611874257446,8.880439995984338,17.897951509614263,278.8021433374725,277.91325420916155,2566.0068992073684,6160.07362339216,36.06118742574476,539.9999999999999,823.5551879775062,65.56937627047635,5.546105411704947,0.9061615748887801,12877.794170405728,12420.58255779606,146.49180413728655,63.160057005215414,231.2793378858028,16.280413581362044,522.6700923653544,3122.7222967540024,2.776319453839478,896.479689685681,136.9991,2.2168880051915136e-05,0.05564852439227774,0.28442192586712467,0.14350518858886735,0.5111799599460105,0.005222232325667652
535.0,502.41035500552084,0.8644255043389918,3292.3076923076924,68.30690499652566,570.7172600020465,8.795812820899338,17.732812424577443,276.05054624431466,271.01497298011753,2542.872067346038,6098.697169999199,35.71726000204645,535.0,815.7070328481208,65.58727318213688,5.427813212715376,0.8975262135725817,12754.977517620948,12302.21931980795,145.02845847216125,62.529134366423754,229.07533729367856,16.125267680732282,517.9488195933204,3089.93758657047,2.749861058872598,895.8076488208314,136.9991,2.2380662936294797e-05,0.05560125226308665,0.28446913016635955,0.14355169612599608,0.5111333062360519,0.0052222345455696815
530.0,497.8513859928255,0.8648963629487355,3261.5384615384614,67.5277411608637,565.3791271536892,8.711252435720276,17.567804153921035,273.1628545940624,267.95703335710806,2522.136660563309,6036.814015533368,35.37912715368916,530.0,807.865099249201,65.60501258100663,5.308073202436746,0.8888976978350736,12632.228093240406,12183.949912851342,143.5452177600276,61.889633962407856,226.8730838964817,15.970244770146863,513.2488515389954,3063.2565485144796,2.723421874184956,894.7037279888917,136.9991,2.2917885826524933e-05,0.055483341401445375,0.28458686881497164,0.1436676644467649,0.5110169672611138,0.005222240189877865
525.0,493.2906420872948,0.8653693771471533,3230.769230769231,66.75060196753518,560.04124405483,8.626731548597734,17.402872949457393,270.2792857333577,264.95903222132654,2501.38621901162,5975.015019808576,35.04124405483001,525.0,800.026828079186,65.62279933292888,5.1861214400041,0.8802732118849952,12509.539230068624,12065.735741416576,142.06492905336245,61.25140631788018,224.67185902068147,15.815294260122034,508.5470536982421,3036.6245369663047,2.6969949981236536,893.593783703626,136.9991,2.3472717107006885e-05,0.05536447003210238,0.2847055623376075,0.14378452982349615,0.5108997190714485,0.005222246018238325
520.0000000000001,488.72805882458306,0.8658444686277341,3200.0,65.97553869861034,554.7035975231935,8.542250372576731,17.23801922579277,267.4001802708494,262.0103602083704,2480.615331087013,5913.302053257641,34.70359752319338,520.0000000000001,792.1922390311544,65.6406329650435,5.061893144839382,0.8716527773907321,12386.911332394831,11947.577102508048,140.58766317986954,60.61448197026116,222.47166819669312,15.660416539959524,503.8433596129722,3010.025871566233,2.6705805001353693,892.4787464198541,136.9991,2.4045104901643708e-05,0.055244784561225745,0.2848250643453376,0.1439021460498091,0.5107817079086729,0.0052222520300529325
515.0000000000001,484.16365911070693,0.8663217005843346,3169.230769230769,65.20254595355621,549.3662050642632,8.457809232910854,17.073243618141095,264.5254069425415,259.1249943612256,2459.8267346318307,5851.675077275606,34.36620506426315,515.0000000000001,784.3613622982973,65.65851210352486,4.9353234529724865,0.8630364275739917,12264.344856475871,11829.474451489314,139.11341442194225,59.97885845440022,220.2725199036828,15.505612206532073,499.137792897636,2983.4771359355977,2.6441784789044336,891.3580800524082,136.9991,2.463615096377867e-05,0.05512419018943015,0.2849454692848068,0.14402060395006236,0.5106628421878779,0.005222258236858959
509.9999999999999,479.5973809402812,0.8668009957176174,3138.4615384615386,64.43166916260128,544.0290501028825,8.373408353764932,16.90854656299912,261.6552549195602,256.28830047745555,2439.015903217759,5790.1357275036935,34.02905010288252,509.9999999999999,776.5342186159086,65.67643611494955,4.806342831874053,0.8544241852499133,12141.840211320152,11711.428101083106,137.64224570283986,59.34456289971022,218.07441996475146,15.350881669744396,494.4302896291559,2956.959458614775,2.6177890069565506,890.2325790713256,136.9991,2.524591494879561e-05,0.055002811257996755,0.28506665279620136,0.14413977897910651,0.5105432464125148,0.0052222646392316805
505.0,475.02920868356944,0.8672823506757064,3107.6923076923076,63.6629228538848,538.6921315374542,8.28904803006729,16.74392863584817,258.7897556820894,253.49769722315693,2418.1828252094206,5728.684593424085,33.692131537454216,505.0,768.7108353330935,65.694403771631,4.674880401725361,0.8458160805108441,12019.397848016457,11593.438463759447,136.17417826256786,58.71160446383635,215.87737606035958,15.196225470246054,489.7208336944015,2930.470278114667,2.5914121756917816,889.1022321118514,136.9991,2.5875113787767436e-05,0.05488063930201179,0.285188623115129,0.1442596770198216,0.5104229142045913,0.005222271244658651
500.00000000000017,470.45914331087965,0.8677657907482023,3076.923076923077,62.89632612485929,533.355469435739,8.204728572965363,16.57939044372723,255.92896863051416,250.7720623523882,2397.3268292784137,5667.322558784901,33.35546943573881,500.00000000000017,760.8912412978425,65.71241366205722,4.540862096827843,0.8372121450983608,11897.018249722403,11475.505974594025,134.70923963858735,58.07999501957666,213.6813962918999,15.041644178317245,485.00942609369037,2904.027860261316,2.5650480819507613,887.9671169802782,136.9991,2.6524418164293864e-05,0.05475768036233514,0.2853113739862756,0.14438028961706018,0.5103018535560256,0.005222278060139268
494.99999999999994,465.8858544212002,0.8682493472271868,3046.153846153846,62.13505991196224,528.0209143331624,8.120445796558704,16.414923735092195,253.0974236865746,250.2907559868342,2375.9789783464166,5606.177643491719,33.020914333162445,494.99999999999994,753.0750435654529,65.73050112727276,4.404037336387339,0.8286119466535934,11774.701534872107,11357.624707326899,133.25173602478543,57.451591185825215,211.48637030855198,14.887130026048334,480.2946952795878,2879.367158019825,2.5386957759418323,886.9079982369511,136.9991,2.712105919256199e-05,0.0546473546056213,0.28542150857154064,0.1444884597616734,0.5101932716809849,0.005222284320987213
489.99999999999994,461.30811291703407,0.8687314238499788,3015.3846153846152,61.38202509273511,522.6901380097692,8.036193074453884,16.250515504391018,250.3174010112921,254.05275110249414,2353.693305777124,5545.365973033433,32.69013800976925,489.99999999999994,745.2616233431205,65.74872295207432,4.264150991981421,0.820014804315963,11652.443785132798,11239.785329532968,131.80558042654621,56.82808005794259,209.29212433448137,14.73267078086169,475.5753741412722,2858.0634578909103,2.512353546207452,886.0015478909247,136.9991,2.7589232295234422e-05,0.05456249309889346,0.28550622010018445,0.1445716304127216,0.510109777924813,0.005222289231092171
485.00000000000006,456.7285522630189,0.8692160797555017,2984.6153846153848,60.630863912111145,517.35941617513,7.9519785388053235,16.08618178861102,247.53954888842725,257.6790863349798,2331.4057302865813,5484.631482203677,32.35941617513001,485.00000000000006,737.4517443857437,65.76701508842156,4.121462209957989,0.8114215584485099,11530.244429462778,11121.999359906922,130.3621648618665,56.205750297692326,207.09887285528646,14.578281541011572,470.85417759074113,2836.6243655099884,2.4860232261255293,885.086487482114,136.9991,2.807302744898683e-05,0.054476319696840386,0.2855922385234148,0.14465605661349903,0.5100250178340852,0.00522229430471162
479.99999999999994,452.1471624197166,0.8697033008741911,2953.846153846154,59.88156439748309,512.0287268171996,7.8678028271432305,15.921923832598054,244.76365400147267,261.14057674413965,2309.122205924264,5423.973720788541,32.028726817199704,479.99999999999994,729.6454658612176,65.7853741931288,3.9758870025969766,0.8028322741539421,11408.104359258143,11004.267690799064,128.92147623638158,55.58459625942874,204.90663248711104,14.423963476155835,466.13109527805835,2815.0264366698766,2.4597050099968407,884.1618389428351,136.9991,2.857398391417069e-05,0.0543886613848162,0.2856797363629034,0.14474190582195617,0.509938822888432,0.005222299557978123
474.9999999999999,447.5639009994703,0.8701930184892499,2923.076923076923,59.13417005389786,506.69807105336815,7.783666496572194,15.757742722796056,241.9899340556988,264.4369577867982,2286.840524683472,5363.3944174740245,31.698071053368245,474.9999999999999,721.842839395555,65.80379745787153,3.827334769737866,0.7942470082365998,11286.024457333622,10886.59110081557,127.4835765210859,54.96464466199503,202.7154177281094,14.269717606860992,461.4060835046086,2793.267416525969,2.4333990734297903,883.2280635743231,136.9991,2.9092331771456196e-05,0.054299584511016734,0.28576864719717315,0.14482911086743044,0.5098512600993405,0.005222304993267787
470.0000000000001,442.9787759641681,0.8706852556468833,2892.3076923076924,58.38869449449183,501.3674704586599,7.699570138886846,15.593639614136656,239.21837163790147,267.585435131445,2264.5625847985734,5302.894314068384,31.367470458659806,470.0000000000001,714.0439198771595,65.82228164352362,3.675712361974973,0.7856658210904469,11164.005598740987,10768.970417764898,126.04848719793449,54.34590476735303,200.52524399261415,14.11554501818597,456.67915047852375,2771.36639156792,2.407105599229996,882.2848283835908,136.9991,2.9629095466207836e-05,0.05420902243364191,0.2858590373401413,0.14491773469775543,0.5097622658116964,0.005222310621299017
465.00000000000006,438.39171861482293,0.8711798918784074,2861.5384615384614,57.64519946682864,496.0369180816516,7.615514276376142,15.429615524645014,236.4493286941686,270.57963639182157,2242.283551270413,5242.475764274008,31.036918081651567,465.00000000000006,706.2487556759598,65.84082396788685,3.5209204229940827,0.7770887659371393,11042.048651475243,10651.406371146057,124.61629487978122,53.72841391870312,198.33612486437207,13.961446666329527,451.9502253761061,2749.3125163564036,2.380824754575713,881.3331142836493,136.9991,3.018401827450051e-05,0.054117128208167886,0.2859507538190915,0.14500762519505384,0.5096719923200781,0.0052223164393340625
460.0000000000001,433.80271172165976,0.8716768999201746,2830.769230769231,56.903714038140734,490.7064257598005,7.531499470740342,15.265671550120132,233.6829103438501,273.4286923266756,2220.0031136483185,5182.140022621046,30.706425759800364,460.0000000000001,698.4573988662921,65.85942116822781,3.3628567802743845,0.7685159000743091,10920.154477172373,10533.899746326679,123.18704192055816,53.112190376976486,196.14807496744,13.80742358072082,447.2192904347008,2727.114716318844,2.354556715006154,880.3730361590646,136.9991,3.075770264366625e-05,0.05402390995508122,0.28604378832092237,0.14509877207058142,0.5095804494971129,0.005222322453658463
454.99999999999983,429.21172555500516,0.8721762273218789,2800.0,56.164274720027294,485.3760002750324,7.447526269520634,15.101808758536425,230.91928073203127,276.13747528642267,2197.7199023620446,5121.888588595022,30.37600027503258,454.99999999999983,690.6699001983142,65.87806995344003,3.2014144254987453,0.7599472793425897,10798.323931491128,10416.451308703588,121.76078073017531,52.49725673874724,193.96110855400556,13.65347676461206,442.48631500515995,2704.7766583804987,2.328301652676165,879.4049252551803,136.9991,3.13505467262526e-05,0.05392941189768158,0.28613809649520017,0.14519112967137202,0.5094876827206083,0.005222328668411853
449.99999999999983,424.61873067828714,0.8726778199901409,2769.230769230769,55.42691741567073,480.0456480939578,7.363595217088319,14.938028211700173,228.15859962878565,278.7105176644823,2175.432611212073,5061.722936664137,30.045648093957972,449.99999999999983,682.8863101292303,65.89676690324063,3.036481626188172,0.7513829592602757,10676.557864376773,10299.061819255388,120.33756287502676,51.8836352369069,191.77523979398586,13.499607215464218,437.75126874050216,2682.301728505341,2.302059738791194,878.4291118460659,136.9991,3.196295762302382e-05,0.053833677997220025,0.2862336342506771,0.14528465257422538,0.5093937371324271,0.0052223350878275645
444.99999999999983,420.02369793718094,0.8731816220681244,2738.4615384615386,54.69167742984483,474.71537536702573,7.279706854691048,14.774330965339518,225.40102251289764,281.1520114970258,2153.1399963303,5001.644516655095,29.715375367025885,444.99999999999983,675.1066788275726,65.91550846050157,2.867941660314118,0.7428229950280344,10554.857120146738,10181.732034607014,118.91743909183286,51.27134774663249,189.59048277623003,13.34581592503165,433.01412158472266,2659.6930303402237,2.27583114362629,877.4459254951142,136.9991,3.2595350858962166e-05,0.05373675198336218,0.2863303577249923,0.14537929555713053,0.5092986576674288,0.0052223417162271645
440.00000000000017,415.4265984499986,0.8736875758235648,2707.6923076923076,53.95858948274613,469.38518793274477,7.1958617203833,14.610718068969705,222.64670070341572,283.46581457274755,2130.8408738370636,4941.654754278341,29.385187932744575,440.00000000000017,667.331056166792,65.93429092411775,2.6956725320647497,0.7342674415218542,10433.222537418522,10064.462706933087,117.50045930612401,50.66041579335588,187.40685150671965,13.192103879235422,428.27484376288515,2636.953389113227,2.2496160365100777,876.4556955092417,136.9991,3.324814959750081e-05,0.05363867741660967,0.28642822322250266,0.14547501353966294,0.5092024891136149,0.005222348558012264
435.00000000000017,410.82740360104845,0.8741956215483285,2676.9230769230767,53.22768772291239,464.0550913239609,7.112060348854204,14.447190565554726,219.89578149700256,285.65545952423344,2108.5341169194853,4881.755051611028,29.05509132396068,435.00000000000017,659.5594917091687,65.95311044235757,2.5195466675742373,0.7257163532753408,10311.654948886046,9947.254583715267,116.08667264892621,50.05086055995769,185.22435990405,13.038472057845238,423.5334057742768,2614.085357940721,2.2234145857765295,875.4587514575553,136.9991,3.3921783704783526e-05,0.05353949776115713,0.28652718714172654,0.1455717615135218,0.5091052761822351,0.005222355617654697
430.00000000000006,406.2260850375849,0.8747056974708427,2646.153846153846,52.499005737222795,458.72509077480765,7.028303271157457,14.283749490981034,217.1484082924185,287.72416425214635,2086.2186526669298,4821.946787457622,28.72509077480761,430.00000000000006,651.7920346807994,65.97196300666408,2.339430589136114,0.7171697844521955,10190.15518095248,9830.108407364994,114.67612746903704,49.44270289206017,183.0430217924057,12.884921433984962,418.7897783892628,2591.0912252114945,2.1972269586867754,874.4554236943584,136.9991,3.4616688716811136e-05,0.053439256458046085,0.28662720590251867,0.14566949447308558,0.5090070635779472,0.005222362899685728
424.99999999999994,401.6226146703754,0.87521773968183,2615.3846153846152,51.772576557344465,453.3951912277199,6.9445910143519525,14.120395873355783,214.40472070373582,289.67484295286164,2063.8934587937033,4762.231317561913,28.395191227719952,424.99999999999994,644.0287339382419,65.99084444588689,2.1551845662045355,0.7086277888095146,10068.724053227194,9713.024914720458,113.26887134002493,48.83596330104493,180.86285089219388,12.731452973473266,414.0439326498716,2567.9730224503005,2.1710533213227774,873.4460438610773,136.9991,3.533330473147266e-05,0.05333799699426523,0.2867282358773254,0.14576816735030587,0.5089078960646876,0.005222370408684482
419.99999999999994,397.01696467771126,0.8757316820734459,2584.6153846153848,51.04843266250192,448.06539734021317,6.860924101058402,13.95713073214046,211.66485464608317,291.51011740176733,2041.5575603047357,4702.609974661769,28.06539734021322,419.99999999999994,636.2696379273359,66.00975042093165,1.9666622412861152,0.7000904196524791,9947.362377894193,9596.004836425527,111.8649510615529,48.230661964623586,178.6838608084793,12.578067634009537,409.29583987392914,2544.7325323525865,2.1448938384545704,872.4309453550948,136.9991,3.607207523597471e-05,0.05323576296567654,0.28683023332863367,0.1458677349560189,0.5088078185251693,0.005222378149265647
414.99999999999994,392.40910751258764,0.8762474562917021,2553.846153846154,50.32660597871632,442.73571349130395,6.777303048936175,13.793955077130775,208.92894240971137,293.2323283016125,2019.210026121209,4643.084068404551,27.735713491304036,414.99999999999994,628.5147946347222,66.02867641981094,1.7737102286302247,0.691557729781011,9826.070958961825,9479.048896198588,110.46441265618851,47.62681872546251,176.50606501736968,12.424766364215516,404.54547166246147,2521.371296832533,2.1187486733827514,871.4104637606338,136.9991,3.6833445874284953e-05,0.05313259813278677,0.28693315435359384,0.14596815192859916,0.5087068760130794,0.005222386126066638
410.0,387.7990159127134,0.8767649917019773,2523.076923076923,49.607127874745935,437.4061437874593,6.693728370087375,13.630869907292624,206.19711270728402,294.8435465901169,1996.849965670661,4583.654885111213,27.406143787459275,410.0,620.764251532516,66.04761775308576,1.5761676834134577,0.6830297714288984,9704.8505913989,9362.15780999814,109.0673013604263,47.02445308731205,174.3294768504786,12.271550102541584,399.79279991001374,2497.8906249680617,2.092617987757764,870.3849372387592,136.9991,3.761786315840871e-05,0.0530285464687432,0.2870369548364355,0.14606937269061862,0.5086051137973103,0.0052223943437340985
404.99999999999994,383.1866629130031,0.8772842153672524,2492.3076923076924,48.890029155065974,432.076692068069,6.610200570392215,13.4678762094655,203.46949070668867,296.3455846491346,1974.4765254315487,4524.323687423963,27.07669206806905,404.99999999999994,613.0180555166876,66.06656954967536,1.3738658388827223,0.6745065961959934,9583.70206016871,9245.332285093431,107.67366161205263,46.42358420955882,172.1541094776203,12.118419776048597,395.03779681752894,2474.291600787372,2.0665019413777537,869.3547068769274,136.9991,3.842577312460698e-05,0.05292365219946312,0.28714159040876946,0.14617135141355206,0.5085025773981808,0.0052224028069098784
399.99999999999983,378.57202186017304,0.8778050520386894,2461.538461538462,48.17534005023347,426.7473619104065,6.526720148782124,13.304974956943418,200.74619804673853,297.74000737339406,1952.0888854229443,4465.091713838072,26.747361910406692,399.99999999999983,605.2762528396178,66.08552675301954,1.1666275086662756,0.6659882549740044,9462.626139167602,9128.573019047331,106.28353703334426,45.824230899981956,169.97997588786973,11.965376299074673,390.2804349073949,2450.5750908430773,2.0404006919666204,868.3201169984254,136.9991,3.9257619936663636e-05,0.05281795983578745,0.2872470164178795,0.14627404199065722,0.5083993126155228,0.005222411520216438
395.0000000000001,373.95506642906247,0.8783274241580377,2430.7692307692305,47.46309020500955,421.41815663407203,6.443287596455459,13.142167107944699,198.02735283059033,299.0281430790952,1929.6862556246856,4405.960178137364,26.41815663407189,395.0000000000001,597.5388890373765,66.10448411756721,0.954266551181992,0.6574747978664791,9341.62359007756,9011.880698619541,104.8969704109877,45.22641160609507,167.8070888691399,11.81242057179755,385.5206870402706,2426.741751534371,2.0143143949340194,867.2815154332562,136.9991,4.011384443776365e-05,0.05271151419775566,0.28735318790290987,0.14637739801791197,0.508295365548743,0.005222420488241728
390.0000000000002,369.33577064029726,0.8788512518712986,2400.0,46.75330866463686,416.08907930493416,6.3599033960422515,12.979453603981863,195.31306961616772,300.2110942312333,1907.2678723139288,4346.930268748463,26.089079304933907,390.0000000000002,589.8060088522464,66.12343620556433,0.7365872927505127,0.6489662741035577,9220.695161141777,8895.255998598126,103.51400367322957,44.630144405294786,165.63546098642414,11.659553478703021,380.75852643329614,2402.79203616133,1.9882432031191006,866.2392537525222,136.9991,4.0994882652811904e-05,0.052604360431175244,0.28746005957877757,0.1464813727828383,0.5081907826090326,0.005222429715523555
385.0,364.7141088789033,0.8793764530529667,2369.230769230769,46.046023859658035,410.7601327385613,6.276568020723491,12.816835368142703,192.60345938028934,301.2897479824705,1884.832994302975,4288.003148029373,25.7601327385613,385.0,582.0776561510335,66.14237738411022,0.5133839056809315,0.6404627319520896,9099.841585872218,8778.699580567521,102.13467786481593,44.03544699405581,163.4651045588556,11.506775886970072,375.99392667928174,2378.7262016657346,1.9621872665197555,865.1936874685441,136.9991,4.190116424346707e-05,0.052496544016690364,0.28756758582759506,0.14658591926100115,0.5080856105239364,0.00522243920653343
380.0,360.0900559134916,0.8799029433400956,2338.4615384615386,45.34126358967899,405.4313195031706,6.193281933310675,12.654313303294515,189.89862948295445,302.26478650909746,1862.3808990643386,4229.179951508981,25.431319503170563,380.0,574.3538738397248,66.16130182244407,0.2844397371887716,0.6319642186217301,8979.063581698694,8662.212091621397,100.75903312033678,43.442336676438295,161.29603163573978,11.354088644783761,371.2268617664862,2354.5443150563906,1.936146732009239,864.1451762034743,136.9991,4.283311091840148e-05,0.052388110771630955,0.2876757206973309,0.1466909901198744,0.5079798963345854,0.0052224489656600235
375.0,355.46358691561665,0.8804306361753057,2307.6923076923076,44.6390550064712,400.10264192208786,6.110045585292392,12.491888290223107,187.19868361280894,303.13669714146556,1839.9108787283399,4170.461787089749,25.102641922087862,375.0,566.634703775042,66.18020348942089,0.04952658458502634,0.6234707801676233,8858.361848568344,8545.794163028759,99.3871086362538,42.85083035202764,159.12825397171693,11.201492579586805,366.4573060985739,2330.2462594826143,1.910121743042012,863.0940838291594,136.9991,4.379113480191554e-05,0.05227910684493955,0.28778441790740433,0.1467965377297951,0.507873687385867,0.00522245899719208
369.99999999999994,350.8346774789512,0.8809594428578054,2276.9230769230767,43.93942459681138,394.7741020757626,6.026859415853227,12.329561185718745,184.5037217310229,303.9057822777386,1817.4222359408159,4111.849734241088,24.774102075762634,369.99999999999994,558.9201866734762,66.19907615112776,-0.19159608833912276,0.6149824613903124,8737.737067506549,8429.446408862046,98.01894264307046,42.26094450393561,156.96178300121588,11.048988496281327,361.6852345143827,2305.8317399495772,1.8841124393507227,862.0407785814601,136.9991,4.477563676424809e-05,0.05216957870552988,0.28789363086086067,0.14690251418161104,0.5077670313099332,0.005222469305301031
365.0,346.20330363787787,0.8814892726013297,2246.153846153846,43.24239816544557,389.44570180332346,5.943723850871835,12.16733282062051,181.81384000476595,304.57216907811403,1794.9142795684895,4053.3448431797187,24.445701803323434,365.0,551.2103620183487,66.21791336858973,-0.4391819993400578,0.6064993057334781,8617.189899146368,8313.169424595442,96.65457237671691,41.67269518646285,154.79662981235367,10.89657717539158,356.9106223070906,2281.3002886513696,1.8581189566361487,860.9856331521441,136.9991,4.5787004717662276e-05,0.05205957312443588,0.28800331266276624,0.14700887131066742,0.5076599760033895,0.005222479894023199
359.99999999999994,341.5694418851531,0.8820200325978574,2215.3846153846157,42.54800081856086,384.1174427037139,5.860639301903644,12.005203997831487,179.12913073595493,305.13581893138337,1772.386320239638,3994.9481340718557,24.117442703713966,359.99999999999994,543.5052679654818,66.23670849550324,-0.693498966407538,0.5980213551801477,8496.720982238357,8196.96378568223,95.29403405118293,41.08609801329967,152.63280512044537,10.744259371199211,352.13344524242586,2256.6512699069763,1.8321414262520472,859.9290247618139,136.9991,4.682561188259661e-05,0.051949137151143014,0.288113416144433,0.14711556072671475,0.507552569598585,0.005222490767241706
355.0000000000001,336.93306918827915,0.8825516280858103,2184.6153846153843,41.85625694814013,378.78932613641933,5.777606165154712,11.843175490316447,176.44968228688506,305.59653668948255,1749.8376657107733,3936.6605962609174,23.78932613641922,355.0000000000001,535.8049412480368,66.25545467593255,-0.9548299040509516,0.5895486501479881,8376.330932148918,8080.830046119603,93.93736283205699,40.5011681461173,150.4703192412796,10.592035809862066,347.3536795755455,2231.883884687141,1.8061799748867569,858.8713352172547,136.9991,4.789181502886733e-05,0.05183831808453024,0.2882238938930377,0.14722253384929657,0.5074448604294385,0.005222501928668114
350.00000000000006,332.2941630042479,0.8830839624213616,2153.846153846154,41.16719021755894,373.4613532218068,5.694624820452833,11.681248039093623,173.7755790039339,305.95397966811703,1727.2676160490657,3878.4831875391756,23.46135322180675,350.00000000000006,528.1094170810796,66.27414484189461,-1.2234739049192334,0.5810812293842991,8256.020339356883,7964.7687370093545,92.58459281178422,39.91792028390037,148.30918206431772,10.43990718752759,342.5713020662349,2206.9971747211166,1.7802347242434113,857.8129509567772,136.9991,4.89859526972602e-05,0.0517271634388186,0.28833469828624214,0.14732974194820606,0.5073368969922122,0.005222513381823894
345.0,327.652701292324,0.8836169371513579,2123.076923076923,40.48082354877514,368.1335248410992,5.611695630221206,11.51942235123231,171.10690113938622,306.2076664067463,1704.675458622113,3820.4168334774004,23.133524841099163,345.0,520.4187290664082,66.29277171075374,-1.4997474153825703,0.5726191298612937,8135.789767957285,7848.780365122503,91.23575698713218,39.33636865323124,146.14940302596614,10.287874168451403,337.7862899920866,2181.9900261682455,1.7543057907205575,856.7542630870745,136.9991,5.0108343407349305e-05,0.051615720904984765,0.2884457815313535,0.14743713618851817,0.5072287279017145,0.005222525130021698
340.00000000000006,323.0086625245591,0.884150452086241,2092.3076923076924,39.79717911144131,362.80584163600037,5.528818938460746,11.3576990978668,168.4437247739093,306.35698518826155,1682.0604628872943,3762.46242682332,22.80584163600033,340.00000000000006,512.7329090981723,66.31132778233682,-1.783985514723538,0.5641623866722525,8015.639754180895,7732.8654114759,89.8908872391438,38.75652699964678,143.99099108307198,10.135937383131571,332.9986211593392,2156.861172849465,1.728393285094916,855.6956674151309,136.9991,5.12592838579449e-05,0.051504038308066706,0.28855709570859245,0.14754466767976165,0.5071204018433746,0.005222537176346608
335.0000000000001,318.36201018495916,0.884684364846674,2061.5384615384614,39.11628996906259,357.4783001540218,5.445995054058153,11.196078881384231,165.78619916479508,306.39855379875587,1659.4202306074976,3704.6212350082424,22.478300154021674,335.0000000000001,505.05198580135993,66.32980552852587,-2.0765441516070386,0.555711031313382,7895.570804928804,7617.024307781995,88.55003009261584,38.178415382349826,141.83395427440226,9.984097397439879,328.2082579226383,2131.6049835710487,1.702497309623246,854.6379343787133,136.9991,5.2438354320608926e-05,0.051392228508218805,0.28866852809243393,0.14765222508108794,0.507012030447557,0.005222549516381748
330.0,313.7127703185362,0.8852186935540435,2030.7692307692307,38.43814179887721,352.1509121174134,5.363224328243232,11.03456238777234,163.13415954543112,306.339470171052,1636.7589120519524,3646.892859629341,22.15091211741335,330.0,497.37599178268505,66.34819642524775,-2.3777974497441097,0.5472650996619997,7775.583396398778,7501.257545804284,87.21316782246348,37.602026159156054,139.6783017569137,9.832354855960679,323.4152271325115,2106.2325417684356,1.6766179706581972,853.5803595786392,136.9991,5.3647880878525155e-05,0.05128014461396562,0.2887802248298306,0.1477599468957515,0.5069034736051062,0.005222562174467519
325.0,309.06087644547245,0.8857532116468294,2000.0,37.76278943658556,346.823665882058,5.28050699674508,10.873150076207653,160.48790131131287,306.1708349792928,1614.0707564818113,3589.2793163328024,21.823665882057956,325.0,489.7049488571446,66.36649287667463,-2.6881477969090057,0.5388246157212476,7655.677972602282,7385.565454549223,85.88037620507997,37.027392001117235,137.52403965692065,9.68071018994275,318.61946025306435,2080.729492772417,1.6507553524996827,852.5244628166702,136.9991,5.488600558395795e-05,0.05116802940401617,0.2888919437371589,0.14786759705312932,0.5067949686689844,0.0052225751311271995
319.99999999999994,304.4063246477019,0.8862878531808135,1969.2307692307693,37.09024032810467,341.4965649758066,5.1978433357436735,10.711842485774817,157.84740569762693,305.8942444265048,1591.3565497409145,3531.7809544231277,21.496564975806667,319.99999999999994,482.0388826459754,66.38468628162887,-3.008019231622852,0.5303896076822909,7535.854944127436,7269.948420427694,84.5516667525437,36.45451787167508,135.37117516964554,9.529163905878361,313.82095324505354,2055.0981998650464,1.6249095429498126,851.4702891410818,136.9991,5.6153612767462554e-05,0.05105586579810128,0.2890037016117498,0.1479751894467674,0.5066865011350096,0.005222588395604471
314.99999999999994,299.7490960201749,0.8868225102508261,1938.4615384615386,36.420512806658536,336.1696088268334,5.115233582529383,10.550640079443461,155.21272684634133,305.5085549928959,1568.6153861216824,3474.398496899681,21.169608826833446,314.99999999999994,474.3778151510918,66.40276799193715,-3.3378636456990938,0.5219600997539375,7416.114686806808,7154.406775265174,83.2270655930205,35.883415036008884,133.21971447389492,9.377716438711364,309.019686618737,2029.3366679609196,1.5990806201060246,850.4182584037071,136.9991,5.745086328356504e-05,0.050943701537119405,0.289115450661392,0.14808267575915102,0.5065781192094865,0.005222601969567535
310.0,295.08917217113657,0.8873570735477045,1907.6923076923078,35.753624444563194,330.84279661569974,5.032677950328483,10.389543273238436,152.58391432539986,305.01253910649774,1545.8463061982445,3417.132632502682,20.842796615699744,310.0,466.7217661435133,66.42072911265883,-3.678162121498368,0.5135361136903315,7296.457540502782,7038.940817241535,81.90659769897348,35.314094261015875,131.0696631219722,9.226368179284265,304.21564141354287,2003.442759630142,1.573268654673505,849.3687954303723,136.9991,5.877788563763377e-05,0.05083158417695083,0.28922714328923294,0.14819000797418527,0.506469870819646,0.00522261585434718
305.0000000000001,290.42653520976705,0.8878914323759013,1876.923076923077,35.089592063511326,325.51612727327836,4.950176627480303,10.228552434633961,149.9610130805982,304.4048920961245,1523.0482900570025,3359.9840159302803,20.516127273278272,305.0000000000001,459.0707530870434,66.43856049400075,-4.029427326076535,0.5051176687069762,7176.883807947972,6923.55080973999,80.5902868972491,34.746565819659665,128.9210260182444,9.075119472829472,299.40879918532687,1977.4141952337252,1.5474737097045979,848.3223301070193,136.9991,6.013477436007068e-05,0.050719561028196504,0.2893387321545617,0.14829713844331005,0.5063618035486518,0.005222630050919829
300.0000000000001,285.7611677298343,0.8884254746536173,1846.1538461538462,34.42843174870818,320.1895994785425,4.867729776656922,10.067667881030312,147.34406339525393,303.68423897104077,1500.2202502883574,3302.95326820053,20.18959947854242,300.0000000000001,451.42479106587393,66.45625272188978,-4.392206144249027,0.4967047814010779,7057.393753653284,6808.236980255254,79.2781558841925,34.18083949748742,126.77380739881126,8.923970617538155,294.5991419895199,1951.248552654652,1.5216958403508,847.2792974831043,136.9991,6.15215884462412e-05,0.050607679094635316,0.2894501702348483,0.14840401995266134,0.5062539645695175,0.005222644559891247
295.0000000000001,281.09305278926405,0.8889590868925555,1815.3846153846155,33.770158866991245,314.8632116562553,4.785337534127268,9.906889878317928,144.73310085111223,302.8491410466771,1477.3610247358727,3246.0409771763298,19.86321165625519,295.0000000000001,443.7838927163374,66.47379610700774,-4.76708257885634,0.48829746567645127,6937.98760288856,6692.9995193642435,77.97022624695079,33.61692460181461,124.62801081233914,8.77292186321108,289.78665236006606,1924.943266633662,1.4959350936280245,846.2401378933272,136.9991,6.293834987545025e-05,0.05049598501051994,0.2895614108889243,0.14851060579109823,0.506146400578101,0.005222659381481106
290.0,276.4221738855454,0.8894921541541798,1784.6153846153848,33.11478808904338,309.5369619745888,4.703000009067411,9.746218639531547,142.12815630592053,301.8981024419368,1454.4693689997414,3189.2476982422413,19.5369619745888,290.0,436.1480681629498,66.4911806720769,-5.154680950404664,0.4798957326731481,6818.6655407366325,6577.838579761509,76.66651848990693,33.05482997312219,122.48363910210001,8.621973409994288,284.97131328406743,1898.4956277475987,1.4701915081956285,845.2052970982274,136.9991,6.438504222385802e-05,0.050384524976787706,0.28967240792121196,0.14861684981898227,0.5060391577252856,0.005222674515508539
285.00000000000017,271.7485149269276,0.8900245599791042,1753.8461538461538,32.462333415777124,304.21084834270476,4.620717282919146,9.585654323597543,139.5292558682811,300.82957647719695,1431.5439486909545,3132.57395515148,19.2108483427046,285.00000000000017,428.5173249588664,66.50839613715908,-5.555669432772661,0.4714995907019402,6699.427711224386,6462.754275361198,75.36705206752113,32.494563999216,120.3406943892495,8.471125407201988,280.15310817209036,1871.9027810364325,1.4444651141496172,844.1752264431128,136.9991,6.586160938815502e-05,0.05027334469614176,0.28978311564705417,0.14872270653769726,0.5059322815483398,0.005222689961378767
280.00000000000006,267.0720434863204,0.89055613386334,1723.076923076923,31.812820614692615,298.8848641010131,4.538489392076512,9.425197001324186,136.93649631126897,299.63895457499353,1408.5815825563584,3076.0206741696693,18.884864101012987,280.00000000000006,420.89166646768416,66.52543214977109,-5.970765096689013,0.4631090434638084,6580.274216519178,6347.746656891947,74.07186221551085,31.93614187200348,118.19917761838794,8.320377921327289,275.33200359414474,1845.1570334426208,1.418755930556371,843.150810914416,136.9991,6.736690083651025e-05,0.05016256596538546,0.28989341263798923,0.14882805830112925,0.5058258904876144,0.005222705707045167
274.9999999999999,262.39277749240506,0.8910868594485881,1692.3076923076924,31.166237708207873,293.5590152006129,4.456316394112861,9.264846785536154,134.34974314786095,298.33060344704285,1385.5842190983878,3019.587455270679,18.559015200612986,274.9999999999999,413.27109805565124,66.54227728331689,-6.400733764538338,0.45472409686326076,6461.205116260496,6232.815805285714,72.7809329288865,31.379556690920687,116.05909029652099,8.169731058452635,270.50801803340727,1818.2645656932916,1.3930639743995048,842.1316640033598,136.9991,6.890284314701835e-05,0.050052081224733584,0.29000340583717643,0.1489330057220223,0.505719882600255,0.005222721772665458
270.00000000000006,257.71068527869716,0.8916165638461307,1661.5384615384617,30.52260921973243,288.2332944984296,4.374198267279284,9.104603633604137,131.7690838341788,296.89988257754936,1362.5484664397497,2963.2751646946344,18.233294498429537,270.00000000000006,405.6556176954902,66.5589204788675,-6.846401508790194,0.44634474866967416,6342.220426853234,6117.961689967775,71.49429745991876,30.824822792710382,113.92043185432742,8.019184778501874,265.6811188440177,1791.217432851478,1.3673892466833342,841.1186768035651,136.9991,7.046824137042288e-05,0.04994200972438339,0.2901129763769507,0.14903743386051313,0.5056143736510519,0.005222738145730531
265.00000000000006,253.0257520240318,0.8921451231310876,1630.7692307692307,29.88194681978349,282.9076988438153,4.2921349766212575,8.944467477366612,129.19452542631691,295.3451052836166,1339.4725476629542,2907.0842114544866,17.907698843815243,265.00000000000006,398.04522214854444,66.5753500493233,-7.3086555974529945,0.43797099531954015,6223.320120950996,6003.184262093803,70.21197151028385,30.271946947162697,111.78320138229408,7.868739017451777,260.8512907464245,1764.0121783728878,1.3417317414677148,840.1123249009781,136.9991,7.206287077914885e-05,0.049832394496116504,0.29022208129748217,0.14914130049566815,0.5055094060160671,0.0052227548238868715
260.0000000000001,248.3379631111287,0.892672410961032,1600.0,29.244261704488146,277.5822248156169,4.210126456956287,8.78443818968644,126.62607023275551,293.6645657998166,1316.3545532880623,2851.014979653404,17.582224815616765,260.0000000000001,390.43990537346406,66.5915538913228,-7.788451574122412,0.4296028301655333,6104.504126955499,5888.483430550189,68.93396998501409,29.720935580594077,109.64739718382617,7.718393655874185,256.0185186712667,1736.6451893206345,1.3160914434276267,839.1130904517162,136.9991,7.36864630232067e-05,0.04972327772145214,0.2903306785031494,0.14924456441377765,0.5054050210942715,0.005222771804326012
254.99999999999991,243.64730407312166,0.893198298254004,1569.2307692307693,28.609564647117814,272.2568687202395,4.128172612511927,8.624515583743802,124.06371583148265,291.8565458562984,1293.1924319758405,2795.067830320222,17.256868720239574,254.99999999999991,382.83965849260227,66.60751945188755,-8.286819943022033,0.421240243439538,5985.7723285974225,5773.859061447248,67.66030706079758,29.171794805294773,107.51301676581056,7.568148518271741,251.18278770424914,1709.1126936636215,1.2904683277291962,838.1214623795339,136.9991,7.533870604607354e-05,0.04961470065112811,0.2904387268430828,0.14934718548917383,0.5053012592267856,0.005222789083783664
249.99999999999994,238.95377803773127,0.8937227143925393,1538.4615384615386,27.97785315752314,266.9316311952544,4.046273333996914,8.464699446564282,121.5073810919974,289.9225816529989,1269.9857980659497,2739.242653882291,16.931631195254436,249.99999999999994,375.2444713871797,66.62323340189823,-8.804872288115833,0.4128832240078146,5867.124564596923,5659.311002176951,66.39097880365013,28.624522925124396,105.38005728658635,7.418003404611812,246.34410106982605,1681.4157608109458,1.264862362014387,837.1374683283535,136.9991,7.702057864188781e-05,0.04950661871973295,0.29054627056941024,0.1494492047576573,0.505198078702056,0.005222806672501724
244.99999999999991,234.2573181598269,0.8942453388335302,1507.6923076923076,27.34917602145746,261.60649418128435,3.9644284113588575,8.304989367695624,118.95727619322628,287.85116984988787,1246.7268362968075,2683.541119890022,16.606494181284425,244.99999999999991,367.6543245463916,66.63868303528827,-9.34381650373887,0.4045317504025345,5748.560628309671,5544.838958483895,65.12605052884179,28.079148100813196,103.24851326692625,7.267957929195932,241.50238985549166,1653.5352823399217,1.239273495817223,836.1630159198197,136.9991,7.872767956676085e-05,0.049399325445661856,0.2906530175723153,0.14955034456937238,0.5050957602086454,0.005222824524438282
240.00000000000003,229.55796257104706,0.8947662164537429,1476.923076923077,26.723504403071296,256.28146697411836,3.8826377074578295,8.14538508027009,116.41316266294236,285.650376908821,1223.418462696539,2627.9621841220833,16.281466974118306,240.00000000000003,360.06920529389606,66.65385333469631,-9.904952579521268,0.3961858086758601,5630.0802676233925,5430.442739187753,63.8654823234195,27.535653123859944,101.11838114692806,7.118011841432409,236.65769337221346,1625.4820022683025,1.2137016814393777,835.1972106045247,136.9991,8.046357172038697e-05,0.04929260433841121,0.2907591832019412,0.1496508085671832,0.504994097643871,0.005222842676872723
235.00000000000009,224.855679299506,0.8952851410577631,1446.1538461538462,26.10086087110594,250.95654017061193,3.800900983932268,7.985886119042728,113.87509339173833,283.3152447137656,1200.0561433673302,2572.506586164018,15.95654017061185,235.00000000000009,352.48909151857345,66.66872980028586,-10.489696912238292,0.38784537449882467,5511.683184650979,5316.122010816053,62.60930369646227,26.99405071712737,98.98965471711709,6.968164704218575,231.80997865928452,1597.2464814728341,1.1881468529028718,834.2410379064994,136.9991,8.22264407484654e-05,0.04918657677013699,0.29086464666674383,0.1497504819194023,0.5048932070921388,0.005222861110829775
229.99999999999991,220.1504537073197,0.8958019626012682,1415.3846153846155,25.481254987607517,245.63170869492723,3.7192179879748206,7.82649199080326,111.34304266960969,280.8440996510458,1176.636969487492,2517.1746043410803,15.63170869492731,229.99999999999991,344.91395978209675,66.68329694318693,-11.099587510086426,0.3795104220821286,5393.369035663806,5201.876419879821,61.35752639088874,26.454345943584098,96.86232739529844,6.818416054214914,226.9592306261028,1568.8241118081476,1.1626089363601255,833.2950222114048,136.9991,8.401576891305003e-05,0.04908127784848151,0.2909693730246942,0.1498493313833938,0.5047931221536168,0.00522287982090064
225.00000000000003,215.44227091810185,0.8963165247790977,1384.6153846153845,24.86469627518643,240.3069671932883,3.6375884347826304,7.6672021399136,108.81698020498662,278.23530093462483,1153.1578295958961,2461.966507856532,15.306967193288273,225.00000000000003,337.34378367934846,66.69753850092187,-11.736298994528473,0.37118092237209926,5275.137430991566,5087.70556814595,60.11016193598143,25.916543774089405,94.73639176611219,6.668765369433056,222.1054339361875,1540.2101107355074,1.1370878479316282,832.3596947576272,136.9991,8.583100392062986e-05,0.04897674106232443,0.2910733289635699,0.1499473254595484,0.5046938747093201,0.005222898801316439
219.99999999999997,210.7311157445558,0.8968286640768662,1353.8461538461538,24.251194290080296,234.98231003463613,3.5560120074235737,7.508015948046551,106.2968711523353,275.4872496531495,1129.6153988785452,2406.8825594819828,14.98231003463614,219.99999999999997,329.77853382599534,66.71143735391854,-12.40165809015648,0.36285684303701915,5156.987934972052,4973.609012449803,58.86722174586338,25.380649129851427,92.61183957754415,6.519212068990133,217.24857293253177,1511.39951968403,1.1115834936465483,831.4355932245269,136.9991,8.76715630192046e-05,0.04887299810349291,0.2911764829779328,0.15004443455481245,0.5045954947547517,0.005222918045991024
214.99999999999997,206.01697261566335,0.8973382086826054,1323.076923076923,23.64075869629862,229.65773131196195,3.4744883567245863,7.348932733967283,103.78267612723138,272.59839839403134,1106.0061284481296,2351.9230183007057,14.65773131196197,214.99999999999997,322.21817784809883,66.72497542995728,-13.097661269704952,0.3545381484556942,5038.920065935078,4859.586264538516,57.62871721992395,24.846666925725927,90.48866173800796,6.369755512903403,212.38863156253953,1482.3872029693923,1.0860957693889612,830.523261090471,136.9991,8.953683825891824e-05,0.04877007865703478,0.2912788055771722,0.150140631173458,0.5044980102055,0.005222937548575965
209.99999999999997,201.29982550454702,0.8978449772402873,1292.3076923076924,23.03339933989978,224.3332248444468,3.3930171011805434,7.189951753355038,101.27435121785017,269.5672614951438,1082.3262347356233,2297.0881424626077,14.333224844446809,209.99999999999997,314.6626803736346,66.73813359456648,-13.826494912265087,0.34622479970812287,4920.93329621596,4745.636790943111,56.39465984338673,24.31460211357607,88.36684831396374,6.220395001922598,207.52559330365673,1453.1678474486173,1.0606245608491325,829.6232466987476,136.9991,9.142620316517007e-05,0.04866801015245774,0.2913802695321339,0.150235890141803,0.50440144666791,0.005222957302530296
205.00000000000003,196.57965785839332,0.8983487774245968,1261.5384615384614,22.429126322178316,219.0087841805716,3.3115978268834256,7.031072198664982,98.7718479867648,266.39242597172245,1058.5716891562636,2242.3781919084395,14.008784180571599,205.00000000000003,307.11200302592323,66.75089152497112,-14.59055840235654,0.33791675456826753,4803.027052196441,4631.760012879403,55.165061286519084,23.784459725046876,86.246388528073,6.07112977740006,202.65944109112712,1423.735963114751,1.035169743479745,828.7361019556622,136.9991,9.333902113248626e-05,0.0485668174665466,0.291480850169614,0.15033018887514069,0.5043058271663582,0.0052229773012082556
200.00000000000003,191.85645253222378,0.89884940431365,1230.769230769231,21.827950070187374,213.68440260241115,3.2302300874742604,6.872293199033509,96.27511346464918,263.0725631605476,1034.738208272196,2187.7934310059372,13.6844026024111,200.00000000000003,299.56610441912403,66.76322756468446,-15.392490682724393,0.32961396749909666,4685.200714372338,4517.9553061800525,53.939933500326156,23.256244912823657,84.12727075793322,5.921959021201666,197.79015724971524,1394.0858848973928,1.009731182457412,827.862380568421,136.9991,9.527465592200624e-05,0.04846652256624692,0.29158052572611853,0.1504235076970413,0.5042111718167024,0.005222997537968955
