,sofc_power (MW),steam_turbine_power (MW),sweep_turbine_power (MW),gross_power (MW),asu_load (MW),cpu_load (MW),h2_compressor_load (MW),soec_load_ac (MW),other_loads (MW),auxiliary_load (MW),cell_potential (V),soec_current (MA),current_density (A/m**2),hydrogen_production (kg/s),soec_power_per_h2 (MJ/kg),net_power (kW),sofc_natural_gas_flow (kmol/s),oxycombustor_natural_gas_flow (kmol/s),total_natural_gas_flow (kmol/s),total_variable_cost (USD_2018/hr),water flowrate to SOEC (kg/s),stack_conversion (%),overall_conversion (%),number_of_cells (%)
-9550.338344662567,680.0,7.19067799015959,-70.103239906065,736.8939178962247,11.595821415622945,23.177533279882265,19.032928072859708,639.4540251255545,53.18394834696777,746.4442562408873,1.3026545761123751,476.1587728213527,-7857.5375119276905,5.0,127.89080502511091,-9550.338344662567,1.1799199999999999,1.6070627016859644e-08,1.179920016070627,16683.094924758992,55.56626929803977,92.57389172160849,79.99999987225762,1101995.0230855157
65753.34774809866,680.0,18.245548537705425,-62.017028970838815,739.8625775085443,12.884912035318674,23.572117947944747,17.12963526557373,572.174037618466,48.348526893142555,674.1092297604457,1.295106796232333,428.54289553920876,-7071.783760734779,4.5,127.14978613743688,65753.34774809866,1.1799199999999999,0.019729045944668733,1.1996490459446687,16969.547168732937,53.559377984831954,89.50976256962949,74.69786867583589,1101995.0230855157
139984.57551661646,680.0,28.415929578576517,-54.25073944240592,742.2666690209824,14.072137756907715,23.936835777032247,15.226342458287776,506.00262692954726,43.044150582590916,602.2820935043659,1.2884949730460697,380.9270182570682,-6286.0300095419225,4.0,126.50065673238682,139984.57551661646,1.1799199999999999,0.03789907322637402,1.2178190732263738,17233.68774863239,51.79057406055544,88.62560627280563,68.66580056127192,1101995.0230855157
215478.28848672519,680.0,43.17123205791617,-46.6384944385406,749.4097264964566,15.904870986655713,24.50217821094414,13.323049651001794,442.971799643912,37.229539517217816,533.9314380097314,1.2891337637193234,333.3111409749309,-5500.276258349119,3.5,126.563371326832,215478.28848672519,1.1799199999999999,0.0659483415155047,1.2458683415155047,17639.68983630534,49.19836860878069,88.5269953420574,63.248257284002705,1101995.0230855157
293423.93733109755,680.0,63.2880196722798,-38.93452080419934,761.8225404764793,18.559990522980605,25.325820650672675,11.419756843715811,387.9685365039906,25.12449862402199,468.3986031453817,1.3172408794761554,285.69526369279606,-4714.522507156356,3.0,129.3228455013302,293423.93733109755,1.1799199999999999,0.10658391193310027,1.2865039119331003,18226.064623328897,45.71197628527725,103.7485460582064,58.34753031462997,1101995.0230855157
370786.6314285992,680.0,82.40331804451739,-31.603182385744454,773.6065004302618,21.15588773397517,26.135887011870217,9.516464036429845,324.77608747034066,21.235542749046758,402.81986900166265,1.323225876862908,238.07938641066133,-3928.7687559635974,2.5,129.91043498813627,370786.6314285992,1.1799199999999999,0.1463131077267532,1.326233107726753,18799.296811263088,42.57482687541749,85.80023102061027,52.20575000519178,1101995.0230855157
447696.9119440737,680.0,101.0026122834801,-24.5147273237549,785.1173396072351,23.74625750019599,26.948486643350375,7.613171229143876,261.7173617522422,17.39515053822892,337.4204276631614,1.33288440426855,190.4635091285275,-3143.015004770852,2.0,130.8586808761211,447696.9119440737,1.1799199999999999,0.185957708130912,1.3658777081309117,19371.224060887544,39.67751991959552,67.50233044750833,44.814308411945845,1101995.0230855157
523023.37303608574,680.0,117.49422460969316,-17.74012926158431,794.8343538712776,26.055076823027882,27.676019418283527,5.709878421857914,197.41369825384996,14.956307918172511,271.8109808351918,1.34052825959444,142.84763184639442,-2357.261253578119,1.5,131.6091321692333,523023.37303608574,1.1799199999999999,0.22129328865407813,1.401213288654078,19881.50604157434,37.26722262916288,48.11405477304773,35.78454113132162,1101995.0230855157
604813.1781088734,680.0,145.8407840853829,-11.501584276797907,816.9423683621809,30.43156096487995,29.0626062584842,3.806585614571938,129.309436762827,19.519000652544392,212.12919025330748,1.31710430238164,95.23175456426226,-1571.5075023854015,1.0,129.309436762827,604813.1781088734,1.1799199999999999,0.2882736739416932,1.4681936739416932,20843.90678717582,33.07560493970942,33.66674137877207,26.879638602816645,1101995.0230855157
-23768.74243712821,660.0,14.508520566326188,-70.10538491320925,724.8139054795354,13.472076374718785,23.177948792871536,19.03292807285971,639.4545645980943,53.4451300781192,748.5826479166635,1.3026556750911056,476.15877282135267,-7857.53751192769,5.0,127.89091291961886,-23768.74243712821,1.14452,0.03406145078204461,1.1785814507820447,16671.25867973889,55.56626913381281,92.5786634533492,80.00000010869886,1101995.0230855157
51535.41342463822,660.0,25.56623465424518,-62.017118927259595,727.7833535815047,14.761382309558863,23.574042886159127,17.129635265573743,572.1737727165413,48.6091069790334,676.2479401568664,1.2951061966310569,428.54289553920887,-7071.783760734779,4.5,127.14972727034251,51535.41342463822,1.14452,0.05379377597051197,1.1983137759705118,16957.765472265444,53.558715889700196,89.50658551548389,74.69879209407667,1101995.0230855157
125764.6824107907,660.0,35.73567303508675,-54.250790514559135,730.1864635496457,15.94840405843263,23.939975924960212,15.226342458287768,506.00197167010185,43.30508702707256,604.4217811388551,1.2884933044806184,380.9270182570683,-6286.030009541924,4.0,126.50049291752546,125764.6824107907,1.14452,0.07196068152925028,1.2164806815292502,17221.866783091155,51.78995889604259,88.62032496954787,68.66661617813378,1101995.0230855157
201255.20250871102,660.0,50.48899879063047,-46.638543840634185,737.3275426312646,17.780759911712348,24.507084094503544,13.323049651001805,442.97039724803204,37.49104921730379,536.0723401225536,1.2891296824755942,333.3111409749312,-5500.276258349124,3.5,126.56297064229487,201255.20250871102,1.14452,0.1000041742185117,1.2445241742185118,17627.79410388144,49.19793779406351,88.51987993806092,63.24881113404731,1101995.0230855157
279196.8943723333,660.0,70.6039040959002,-38.93453744302706,749.7384415389272,20.435485529246918,25.333152577962302,11.419756843715833,387.9684176537125,25.384734561956286,470.54154716659383,1.317240475952597,285.69526369279583,-4714.522507156355,3.0,129.32280588457084,279196.8943723333,1.14452,0.14063371586243953,1.2851537158624395,18214.0933016099,45.71164612948066,103.74987839628966,58.34795173404894,1101995.0230855157
356556.06815070653,660.0,89.71753093159856,-31.603189352446094,761.5207202840446,23.031038941321658,26.145419146575872,9.51646403642986,324.7760030071683,21.495727001842404,404.9646521333381,1.3232255327370337,238.0793864106612,-3928.768755963595,2.5,129.91040120286732,356556.06815070653,1.14452,0.1803576499475233,1.3248776499475232,18787.259838535978,42.57459447088493,85.80100075448716,52.20603498389984,1101995.0230855157
433463.181966053,660.0,108.3154109432528,-24.514729677122197,773.0301406203749,25.62111808623961,26.96006819774825,7.613171229143879,261.7173062218213,17.655294919368966,339.566958654322,1.332884121461054,190.46350912852733,-3143.0150047708494,2.0,130.85865311091064,433463.181966053,1.14452,0.21999780250582976,1.3645178025058298,19359.13236898466,39.67736794992875,67.5027198725166,44.814480056786905,1101995.0230855157
508787.0912427608,660.0,124.80596910454715,-17.740129278946146,782.7460983834933,27.92972082806403,27.6893176981256,5.709878421857909,197.41367973348483,15.216410459200077,273.9590071407324,1.3405281338327888,142.84763184639434,-2357.261253578118,1.5,131.6091198223232,508787.0912427608,1.14452,0.25533006834102845,1.3998500683410284,19869.374354990683,37.26712977709416,48.114222695376846,35.78463028948032,1101995.0230855157
590572.7863089769,660.0,153.15115112799123,-11.501584265457534,804.8527353934487,32.30592004018195,29.078916484313268,3.8065856145719397,129.30943168859736,19.779095256807263,214.2799490844718,1.3171042506971702,95.23175456426225,-1571.507502385401,1.0,129.30943168859736,590572.7863089769,1.14452,0.3223060928900319,1.4668260928900319,20831.725596560962,33.0755776783913,33.666775991999195,26.87966075736179,1101995.0230855157
-37984.45903061237,640.0,21.829956827859945,-70.10753356453019,712.7374903923902,15.348480706492312,23.178961824055875,19.032928072859697,639.4551074026842,53.7064714169105,750.7219494230026,1.302656780857674,476.1587728213526,-7857.53751192769,5.0,127.89102148053684,-37984.45903061237,1.1091199999999999,0.0681226544237799,1.17724265442378,16659.429227125453,55.56626913528447,92.58346646298415,80.00000010658006,1101995.0230855157
37320.20345615619,640.0,32.89055420474244,-62.01720537825163,715.7077595829941,16.638006601167795,23.576550520181886,17.12963526557373,572.1735610748386,48.86980266507581,678.3875561268379,1.2951057175834437,428.5428955392085,-7071.783760734776,4.5,127.14968023885304,37320.20345615619,1.1091199999999999,0.08785834601186074,1.1969783460118606,16945.991520335392,53.558044869920316,89.50397757918066,74.69972798274,1101995.0230855157
111547.59604525485,640.0,43.05918402698771,-54.25081799395366,718.1100020209415,17.82484269462402,23.94368944603465,15.226342458287766,506.0020906166807,43.5654407600595,606.5624059756866,1.2884936073685094,380.92701825706854,-6286.030009541928,4.0,126.50052265417017,111547.59604525485,1.1091199999999999,0.10602241018674093,1.2151424101867407,17210.05752268353,51.7893082727122,88.62200179320091,68.66747882920978,1101995.0230855157
187034.85834236757,640.0,57.810358616387624,-46.63859298927288,725.2489516056605,19.656797431661136,24.51253423079475,13.323049651001797,442.9690082684115,37.75270368142373,538.214093263293,1.2891256402757807,333.3111409749312,-5500.276258349124,3.5,126.56257379097471,187034.85834236757,1.1091199999999999,0.13405976394813168,1.2431797639481315,17615.904771784513,49.19750613162347,88.51284781430371,63.249366083643174,1101995.0230855157
264972.6202885435,640.0,77.92337879237053,-38.93455409247143,737.6579328848419,22.31112871883121,25.341000324619742,11.419756843715826,387.96829873162875,25.645127977502874,472.6853125962984,1.3172400721852398,285.6952636927961,-4714.522507156358,3.0,129.32276624387626,264972.6202885435,1.1091199999999999,0.17468327051941043,1.2838032705194102,18202.128172762346,45.71131577272079,103.75121158030326,58.34837341607566,1101995.0230855157
342328.2988325836,640.0,97.03533416147651,-31.603196319166074,749.4385304806426,24.906338391894625,26.155442424234632,9.516464036429856,324.7759185456454,21.75606824985444,407.11023164805897,1.3232251886178792,238.07938641066116,-3928.7687559635947,2.5,129.91036741825818,342328.2988325836,1.1091199999999999,0.21440194381280173,1.3235219438128016,18775.228969507018,42.574362070175084,85.80177048970134,52.20631996103155,1101995.0230855157
419232.2690644022,640.0,115.63180097874067,-24.514732028483955,760.9465330072247,27.496127169105748,26.972118886782166,7.613171229143885,261.7172507392826,17.915595918508085,341.71426394282247,1.332883838897413,190.46350912852745,-3143.0150047708516,2.0,130.8586253696413,419232.2690644022,1.1091199999999999,0.2540376524064446,1.3631576524064444,19347.046744805557,39.67721611059442,67.50310896810578,44.814651555734855,1101995.0230855157
494553.64577342564,640.0,132.1213066743284,-17.74012929623136,770.6614359705598,29.804513711898913,27.70306742086226,5.709878421857913,197.4136612544541,15.476669388060909,276.1077901971341,1.3405280083518156,142.8476318463944,-2357.261253578118,1.5,131.60910750296938,494553.64577342564,1.1091199999999999,0.28936660939967074,1.3984866093996706,19857.248745978228,37.267037104964885,48.11439029979174,35.78471927530109,1101995.0230855157
576335.2636259563,640.0,160.46511512342468,-11.501584254064252,792.766699377489,34.18042888112775,29.095648821682506,3.8065856145719397,129.3094266543335,20.039345779816948,216.43143575153263,1.3171041994197776,95.23175456426233,-1571.5075023854026,1.0,129.3094266543335,576335.2636259563,1.1091199999999999,0.3563382867828838,1.4654582867828838,20819.550555134814,33.07555073613468,33.66681020186467,26.87968265265005,1101995.0230855157
-52201.081979145994,620.0,29.151175209968766,-70.10968550096662,700.6608607109355,17.224991488457256,23.180552987860132,19.03292807285969,639.4556514457668,53.96781869513755,752.8619426900815,1.30265788914722,476.15877282135256,-7857.537511927688,5.0,127.89113028915335,-52201.081979145994,1.07372,0.10218314508049499,1.175903145080495,16647.5923805719,55.56626913685098,92.58827960316128,80.00000010432473,1101995.0230855157
23104.09930256661,620.0,40.214645364153824,-62.01729328029486,703.6319386444486,18.51473571182506,23.57961965344924,17.129635265573754,572.1733298222086,49.130518888825364,680.5278393418821,1.2951051941468077,428.5428955392089,-7071.783760734782,4.5,127.1496288493797,23104.09930256661,1.07372,0.12192217810418003,1.19564217810418,16934.209750783386,53.55737587092217,89.50115765110134,74.70066107631246,1101995.0230855157
97329.59411602048,620.0,50.382394002942405,-54.25085719871819,706.0332512016606,19.70137617706108,23.947946515326397,15.226342458287766,506.0018269627904,43.82616497217449,608.7036570856401,1.2884929359950938,380.9270182570683,-6286.030009541925,4.0,126.5004567406976,97329.59411602048,1.07372,0.1400832482653407,1.2138032482653407,17198.238192942783,51.788673998354504,88.6202403057604,68.66831982430898,1101995.0230855157
172813.6635044841,620.0,65.13150398186065,-46.63864188710517,713.1701458689657,21.532941530178963,24.518509910790396,13.323049651001801,442.96763245127516,38.01434882123537,540.3564823644816,1.2891216363813462,333.3111409749312,-5500.276258349124,3.5,126.56218070036432,172813.6635044841,1.07372,0.16811464265749904,1.241834642657499,17604.00785789147,49.19707367746884,88.50589732173334,63.249922060840476,1101995.0230855157
250747.52251423587,620.0,85.24263637011607,-38.93457075152686,725.5772071216429,24.186878101786313,25.349345386597385,11.419756843715815,387.9681797448897,25.905524530417786,474.82968460740705,1.3172396681983651,285.695263692796,-4714.522507156356,3.0,129.3227265816299,250747.52251423587,1.07372,0.20873210826081914,1.2824521082608191,18190.155261200132,45.710985235000166,103.75254552946281,58.34879533518878,1101995.0230855157
328099.7307637734,620.0,104.35292035572029,-31.603203285919427,737.3561236416398,26.781744094249053,26.165938501539102,9.516464036429845,324.77583408559474,22.016412160053594,409.25639287786635,1.323224844504721,238.07938641066147,-3928.768755963599,2.5,129.9103336342379,328099.7307637734,1.07372,0.24844552165647193,1.322165521656472,18763.190228882282,42.57412967276892,85.80254022797202,52.20660493722339,1101995.0230855157
405000.5803374855,620.0,122.9479749216407,-24.514734378046185,748.8627092996869,29.371242734988176,26.984620494980152,7.613171229143876,261.71719529976366,18.175899203325628,343.8621289622015,1.3328835565528636,190.46350912852765,-3143.015004770854,2.0,130.85859764988183,405000.5803374855,1.07372,0.28807678982440765,1.3617967898244077,19334.953208676663,39.67706438824168,67.50349776850193,44.81482292386595,1101995.0230855157
480319.4435155172,620.0,139.43642968728295,-17.740129313443227,758.5765590007262,31.67941342399872,27.71725046154145,5.7098784218579075,197.41364281307875,15.736930364732167,278.257115485209,1.3405278831265397,142.8476318463944,-2357.2612535781186,1.5,131.60909520871917,480319.4435155172,1.07372,0.3234024432595615,1.3971224432595617,19845.11522720911,37.26694459429404,48.11455761972234,35.78480810652732,1101995.0230855157
562097.0163389747,620.0,167.77886775802065,-11.501584242622897,780.6804520006436,36.05504529785918,29.112785256751593,3.8065856145719423,129.30942165869965,20.299597833786542,218.5834356616689,1.3171041485358599,95.23175456426227,-1571.5075023854017,1.0,129.30942165869965,562097.0163389747,1.07372,0.39036978491749635,1.4640897849174965,20807.3676456527,33.07552412615792,33.666843986275424,26.879704277937922,1101995.0230855157
-66420.1815041455,600.0,36.47049575024274,-70.11184046743357,688.5823362176764,19.101584577674675,23.18270502671116,19.03292807285969,639.4561966659771,54.229103378599135,755.0025177218218,1.3026589998347349,476.15877282135256,-7857.537511927688,5.0,127.89123933319543,-66420.1815041455,1.03832,0.1362427162493836,1.1745627162493837,16635.741913511705,55.56626913844253,92.59310231817928,80.00000010203334,1101995.0230855157
8885.53893192613,600.0,47.536845531232295,-62.017380990885954,691.5542265221184,20.391547807118105,23.583233882762837,17.129635265573743,572.1731029241513,49.39116771058628,682.6686875901922,1.295104680566679,428.5428955392088,-7071.783760734779,4.5,127.14957842758916,8885.53893192613,1.03832,0.1559851010757612,1.194305101075761,16922.414445035083,53.55670540693584,89.49838272056583,74.70159623658093,1101995.0230855157
83109.14920077194,600.0,57.70370961827238,-54.25089635436548,693.9546059726379,21.577992155508603,23.95273379325621,15.226342458287773,506.0015662105246,44.08682215428878,610.845456771866,1.2884922720104306,380.9270182570684,-6286.030009541924,4.0,126.50039155263114,83109.14920077194,1.03832,0.17414316974498206,1.212463169744982,17186.405158619003,51.788038905369426,88.61850501038317,68.6691619254802,1101995.0230855157
158589.90907143964,600.0,72.45048720456248,-46.63873239047819,701.0892195950407,23.40913032637728,24.524982527357537,13.323049651001806,442.96434297568896,38.277805043175405,542.499310523601,1.289112063370048,333.311140974931,-5500.276258349122,3.5,126.56124085019685,158589.90907143964,1.03832,0.2021680262791916,1.2404880262791915,17592.08885830133,49.1966922529881,88.48698465828757,63.25041244071064,1101995.0230855157
236520.03010611684,600.0,92.55999682762703,-38.93458741942225,713.4945842470493,26.06270956144371,25.358171215761537,11.419756843715819,387.9680606989789,26.165855821032483,476.97455414093247,1.3172392640105892,285.6952636927958,-4714.522507156354,3.0,129.32268689965963,236520.03010611684,1.03832,0.2427800229859235,1.2811000229859235,18178.16834873384,45.710654531652445,103.75388018181185,58.34921747182521,1101995.0230855157
313868.7928123419,600.0,111.66860951321642,-31.60321025276658,725.2718197659831,28.657231928117,26.1768910233829,9.516464036429849,324.7757496262757,22.276690339435728,411.40302695364113,1.3232245003945455,238.07938641066139,-3928.768755963598,2.5,129.91029985051028,313868.7928123419,1.03832,0.2824881773227002,1.3208081773227003,18751.137398447758,42.57389727666974,85.80330997591207,52.20688991492368,1101995.0230855157
390766.54443158756,600.0,130.2622526826737,-24.514736726008437,736.7769894086822,31.246440642090707,26.99755682545306,7.613171229143879,261.71713989854294,18.436136381864053,346.01044497709466,1.3328832744033636,190.46350912852748,-3143.0150047708516,2.0,130.85856994927147,390766.54443158756,1.03832,0.32211500827440864,1.3604350082744086,19322.845538318423,39.67691277016976,67.50388630617093,44.81499417552266,1101995.0230855157
466082.91288753203,600.0,146.74965790391488,-17.740129330586004,746.4897872345009,33.55439578894745,27.731850739550374,5.709878421857915,197.41362440581125,15.997124990801838,280.40687434696883,1.3405277581328736,142.84763184639422,-2357.261253578116,1.5,131.60908293720752,466082.91288753203,1.03832,0.3574373629208455,1.3957573629208455,19832.967569538694,37.26685222827595,48.11472468532134,35.78489679929409,1101995.0230855157
547856.4722208127,600.0,175.09072811609266,-11.501584231096015,768.5923123471886,37.929744979006685,29.130309863288595,3.806585614571938,129.30941670192115,20.559782967587598,220.73584012637596,1.3171040980477096,95.23175456426227,-1571.5075023854015,1.0,129.30941670192115,547856.4722208127,1.03832,0.42440037821329796,1.4627203782132978,20795.17060997815,33.07549787076364,33.666877318558804,26.879725615099247,1101995.0230855157
-80641.99836903985,580.0,43.787638416722785,-70.11399824622679,676.5016366629496,20.978248071699134,23.18540235414706,19.032928072859693,639.456743007981,54.49031352530254,757.1436350319894,1.3026601128074946,476.1587728213528,-7857.537511927691,5.0,127.8913486015962,-80641.99836903985,1.00292,0.17030133773202089,1.1732213377320209,16623.876764670753,55.56626914004154,92.59793413793409,80.0000000997312,1101995.0230855157
-5335.718838753295,580.0,54.85687426048729,-62.01746850734213,679.4743427678294,22.26843094233695,23.58737776743968,17.12963526557373,572.1728802908868,49.65173734034551,684.8100616065827,1.2951041766398406,428.54289553920887,-7071.783760734777,4.5,127.14952895353042,-5335.718838753295,1.00292,0.19004708408133306,1.1929670840813331,16910.604533045684,53.55603355943935,89.49565197619528,74.70253335004095,1101995.0230855157
68886.02004558209,580.0,65.02285056169835,-54.250935459247344,681.8737860209457,23.45467870769838,23.958035992219713,15.226342458287759,506.0013083197773,44.34740049738039,612.9877659753636,1.2884916153123944,380.92701825706837,-6286.030009541925,4.0,126.50032707994433,68886.02004558209,1.00292,0.20820214412385885,1.2111221441238589,17174.557355174977,51.78740305299495,88.6167955028089,68.67000505425462,1101995.0230855157
144363.76804811705,580.0,79.76783078603405,-46.63873893434318,689.0065697203772,25.285465155225904,24.531972467707963,13.323049651001776,442.9649197447308,38.53739465359371,544.6428016722601,1.2891137418797092,333.3111409749313,-5500.276258349126,3.5,126.56140564135167,144363.76804811705,1.00292,0.23622161766931585,1.2391416176693157,17580.17155592813,49.19620656297589,88.49223735580141,63.25103688102604,1101995.0230855157
222289.90148908668,580.0,99.87518007383905,-38.93460409556285,701.4097841694019,27.938611211808123,25.36746300550381,11.41975684371582,387.9679415981645,26.42611002112292,479.1198826803152,1.317238859636402,285.69526369279583,-4714.522507156353,3.0,129.32264719938817,222289.90148908668,1.00292,0.2768269847480576,1.2797469847480576,18166.166380652245,45.71032367449525,103.75521548978398,58.349639810908926,1101995.0230855157
299635.2431841907,580.0,118.98212153516702,-31.603217219793432,713.1853387549604,30.532790002691993,26.188285398928045,9.516464036429849,324.77566516665337,22.536890966066508,413.55009557076977,1.3232241562831353,238.07938641066121,-3928.768755963595,2.5,129.91026606666134,299635.2431841907,1.00292,0.3165298807911891,1.3194498807911892,18739.069423305187,42.57366487900825,85.80407974302595,52.207174897651,1101995.0230855157
376529.9193113312,580.0,137.57435407913744,-24.514739072551336,724.6890931516888,33.12170897937921,27.010913467137726,7.613171229143879,261.71708453137234,18.696295633324468,348.15917384035765,1.3328829924272765,190.46350912852716,-3143.015004770847,2.0,130.85854226568617,376529.9193113312,1.00292,0.3561522774265716,1.3590722774265716,19310.722675143163,39.676761244525615,67.50427461155152,44.81516532409039,1101995.0230855157
451843.81161739095,580.0,154.06071100501364,-17.74012934766176,734.4008403526755,35.42944886525426,27.746853978499736,5.709878421857909,197.41360602970306,16.25724143996951,282.55702873528446,1.3405276333507894,142.84763184639442,-2357.261253578119,1.5,131.6090706864687,451843.81161739095,1.00292,0.3914713375875196,1.3943913375875194,19820.804708283904,37.2667599917581,48.114891524077365,35.784985368149364,1101995.0230855157
533613.3883151955,580.0,182.40041518602442,-11.50158421945045,756.5019994054749,39.80451584653191,29.148208548660772,3.8065856145719423,129.309411785067,20.81988929544773,222.88861109027937,1.317104047966215,95.23175456426233,-1571.5075023854024,1.0,129.309411785067,533613.3883151955,1.00292,0.4584300337844826,1.4613500337844825,20782.958354441373,33.075472004093136,33.666910155196454,26.879746636386727,1101995.0230855157
-94865.9990084432,560.0,51.10313967053196,-70.1161586609826,664.4192983315145,22.854977733320094,23.188630878232683,19.03292807285969,639.457290431579,54.751470223966216,759.2852973399577,1.3026612279836094,476.1587728213526,-7857.537511927689,5.0,127.89145808631581,-94865.9990084432,0.9675200000000002,0.2043590864356188,1.1718790864356188,16611.99894778336,55.56626914164577,92.60277467842795,80.00000009742156,1101995.0230855157
-19559.140820350614,560.0,62.175267709115296,-62.01755583020462,667.3928235393198,24.145380851378402,23.592037375330353,17.129635265573725,572.1726618768909,49.91224899049712,686.9519643596705,1.2951036822632478,428.5428955392091,-7071.783760734782,4.5,127.14948041708685,-19559.140820350614,0.9675200000000002,0.22410820358592223,1.1916282035859225,16898.782022800828,53.555360391861086,89.4929647378906,74.70347232839161,1101995.0230855157
54660.73974569072,560.0,72.34035307654436,-54.250974512067174,669.7913275886115,25.331431582796423,23.963839339686636,15.226342458287759,506.00105325350347,44.60792120864641,615.1305878429207,1.2884909658066521,380.9270182570685,-6286.030009541927,4.0,126.50026331337587,54660.73974569072,0.9675200000000002,0.2422602481006815,1.2097802481006816,17162.696794566822,51.786766490988505,88.61511141552869,68.67084914472716,1101995.0230855157
130135.35898608109,560.0,87.08326838336198,-46.63878708628637,676.9220554696482,27.161828547490448,24.539430729406913,13.323049651001785,442.9635825582629,38.79880499740513,546.7866964835671,1.2891098504080045,333.31114097493133,-5500.276258349125,3.5,126.5610235880751,130135.35898608109,0.9675200000000002,0.2702737607630657,1.2377937607630658,17568.233125526895,49.19577197012204,88.48552600157541,63.25159563734804,1101995.0230855157
208057.66937838134,560.0,107.18872253200257,-38.93462077948283,689.3233433114854,29.814578831243917,25.37720749196461,11.41975684371582,387.96782244578367,26.686308320396034,481.26567393310404,1.317238455087135,285.69526369279595,-4714.522507156355,3.0,129.3226074819279,208057.66937838134,0.9675200000000002,0.31087307069280223,1.2783930706928022,18154.15137732065,45.709992672783486,103.75655141607561,58.350062340634466,1101995.0230855157
285399.6143559278,560.0,126.29399283266993,-31.60322418709758,701.0972170197674,32.40841409102572,26.200108595228432,9.516464036429849,324.775580705542,22.797035235613585,415.6976026638396,1.3232238121656572,238.07938641066121,-3928.7687559635965,2.5,129.9102322822168,285399.6143559278,0.9675200000000002,0.3505707091262113,1.3180907091262113,18726.98832359247,42.57343247652688,85.80484954010441,52.20745988940021,1101995.0230855157
362291.23720110353,560.0,144.88481544422498,-24.514741417843595,712.5995568620685,34.99704350128942,27.02467758137349,7.613171229143881,261.7170291942614,18.956398154896803,350.30831966096497,1.3328827106042749,190.4635091285273,-3143.0150047708485,2.0,130.8585145971307,362291.23720110353,0.9675200000000002,0.3901886740602614,1.3577086740602615,19298.586636016917,39.67660980047186,67.50466271238521,44.8153363818078,1101995.0230855157
437602.6716900315,560.0,161.37012520114294,-17.740129364673532,722.3102545658164,37.30456838005322,27.762247486920913,5.709878421857907,197.41358768194308,16.51730090500977,284.7075828757849,1.3405275087612065,142.8476318463942,-2357.261253578116,1.5,131.60905845462872,437602.6716900315,0.9675200000000002,0.42550444362110984,1.3930244436211099,19808.628654957418,37.266667871209314,48.11505816031911,35.785073826084535,1101995.0230855157
519368.2958777846,560.0,189.70846444307915,-11.501584207645465,744.4100486507244,41.67935348565109,29.16646882292628,3.806585614571941,129.30940691046496,21.079937939325546,225.04175277293984,1.3171039983150863,95.23175456426243,-1571.5075023854042,1.0,129.30940691046496,519368.2958777846,0.9675200000000002,0.49245882582057565,1.459978825820576,20770.73286048324,33.07544657562467,33.666942433115516,26.87976730158889,1101995.0230855157
-109091.30579300679,540.0,58.41790020387327,-70.11832155848751,652.3362217623607,24.731773410406838,23.192377839349145,19.03292807285969,639.4578388989327,55.012609333819086,761.4275275553674,1.3026623452859958,476.15877282135256,-7857.537511927687,5.0,127.89156777978654,-109091.30579300679,0.9321200000000001,0.23841609227730612,1.170536092277306,16600.111924858942,55.56626914325292,92.60762361056344,80.00000009510772,1101995.0230855157
-33783.84974477033,540.0,69.49292625899888,-62.017642956237616,655.3105692152365,26.022397350198712,23.59720011156776,17.129635265573732,572.1724475929342,50.17273863973247,689.0944189600068,1.295103197234935,428.5428955392088,-7071.783760734777,4.5,127.1494327984298,-33783.84974477033,0.9321200000000001,0.2581685890182403,1.1902885890182404,16886.950369927068,53.5546859664598,89.49032035716832,74.70441308489855,1101995.0230855157
40434.18546330184,540.0,79.65711765851535,-54.25101351186409,657.7081311703794,27.208250615011494,23.970131406603805,15.226342458287755,506.00080097555934,44.86842025161512,617.2739457070775,1.2884903234011673,380.9270182570685,-6286.030009541927,4.0,126.50020024388984,40434.18546330184,0.9321200000000001,0.2763176113835121,1.2084376113835122,17150.82693707558,51.78612926172972,88.61345239534928,68.67169414077003,1101995.0230855157
115905.69700025057,540.0,94.39796814086625,-46.638834992106695,664.8368031329728,29.03825809722586,24.547356937696865,13.323049651001783,442.96225800709294,39.060183439704794,548.9311061327222,1.2891059957074658,333.3111409749311,-5500.276258349124,3.5,126.5606451448837,115905.69700025057,0.9321200000000001,0.30432516316823477,1.2364451631682347,17556.28531214423,49.19533672315622,88.47889269044404,63.252155244557635,1101995.0230855157
193824.21051692695,540.0,114.50152484822898,-38.934637470806585,677.2361623190355,31.69061227808356,25.387392771114,11.419756843715817,387.96770324451614,26.946486664679018,483.41195180210855,1.3172380503718883,285.69526369279566,-4714.52250715635,3.0,129.32256774817205,193824.21051692695,0.9321200000000001,0.3449184108974247,1.2770384108974246,18142.126806402568,45.709661533976984,103.75788793062073,58.35048505148715,1101995.0230855157
271162.7828205187,540.0,133.60512403811848,-31.603231154777628,689.008355192896,34.28410404617472,26.212348948403697,9.516464036429849,324.77549624174736,23.05715909962166,417.84557237237726,1.3232234680372468,238.07938641066124,-3928.7687559635956,2.5,129.91019849669894,271162.7828205187,0.9321200000000001,0.3846107923242852,1.3167307923242852,18714.897566795276,42.57320006595197,85.8056193779923,52.207744894186085,1101995.0230855157
348051.37433739624,540.0,152.1945373397452,-24.514743762036403,700.5092811017815,36.87244404409857,27.038837707597576,7.613171229143879,261.7169738836475,19.216479899897795,352.4579067643853,1.3328824289162196,190.4635091285273,-3143.0150047708494,2.0,130.85848694182374,348051.37433739624,0.9321200000000001,0.424224327915191,1.3563443279151912,19286.44088559383,39.676458428269655,67.5050506336228,44.81550735967299,1101995.0230855157
423360.36910437746,540.0,168.67880094518358,-17.740129381621905,710.2189303268054,39.17975414540307,27.778019959375303,5.70987842185791,197.41356936039082,16.777339335400878,286.858561222428,1.3405273843495817,142.8476318463944,-2357.261253578118,1.5,131.60904624026057,423360.36910437746,0.9321200000000001,0.45953681039067446,1.3916568103906743,19796.442869566737,37.26657585464752,48.11522461601294,35.7851621846037,1101995.0230855157
505122.07011673204,540.0,197.01577552346828,-11.501584195629032,732.3173597190971,43.55425755432877,29.18507958991407,3.8065856145719414,129.30940208206806,21.33996476148227,227.1952896023651,1.3171039491345924,95.23175456426222,-1571.5075023854008,1.0,129.30940208206806,505122.07011673204,0.9321200000000001,0.5264868813322855,1.4586068813322854,20758.49755543663,33.07542165550514,33.66697406289219,26.87978755369695,1101995.0230855157
-123317.01473600173,520.0,65.73285089449574,-70.12048679817613,640.253337692672,26.60863633606592,23.19663165683463,19.03292807285969,639.458388358945,55.27376800396849,763.5703524286737,1.3026634646105615,476.1587728213527,-7857.5375119276905,5.0,127.891677671789,-123317.01473600173,0.8967200000000001,0.2724724974536305,1.1691924974536305,16588.219393768966,55.56626914494655,92.61248088249583,80.00000009266937,1101995.0230855157
-48008.94196658011,520.0,76.81078053493418,-62.01772988573018,643.2285104206643,27.899481646533246,23.60285456521495,17.129635265573725,572.1722373832699,50.43324352665259,691.2374523872445,1.295102721428717,428.5428955392089,-7071.783760734781,4.5,127.1493860851711,-48008.94196658011,0.8967200000000001,0.29222838218653613,1.188948382186536,16875.11326737011,53.55401033318107,89.48771820324146,74.70535555003299,1101995.0230855157
26207.260728418245,520.0,86.9740750107341,-54.25105245793919,645.6251274686733,29.085137025198357,23.976900948865453,15.226342458287784,506.0005514500849,45.12893485781854,619.417866740255,1.2884896880046253,380.9270182570685,-6286.030009541925,4.0,126.50013786252123,26207.260728418245,0.8967200000000001,0.3103743759813888,1.2070943759813888,17138.95147918691,51.78549140189775,88.61181809703967,68.67253999380915,1101995.0230855157
101675.6854300882,520.0,101.71286082681146,-46.638882654343,652.7517434811546,30.914755036541234,24.55574008612189,13.323049651001797,442.9609458657754,39.321567411626035,551.0760580510664,1.2891021771220013,333.3111409749313,-5500.276258349125,3.5,126.5602702473644,101675.6854300882,0.8967200000000001,0.3383759670661106,1.2350959670661108,17544.33181568511,49.19490084624333,88.47233618930018,63.25271567162709,1101995.0230855157
179590.42799106857,520.0,121.8145178549175,-38.9346541692217,665.1491720241393,33.56671279378742,25.398008131723515,11.419756843715797,387.9675839965483,27.20668226729564,485.55874403307064,1.317237645498079,285.6952636927963,-4714.522507156361,3.0,129.3225279988494,179590.42799106857,0.8967200000000001,0.3789631476863193,1.2756831476863193,18130.096371039534,45.70933026434322,103.75922500799706,58.35090793547389,1101995.0230855157
256925.65140925662,520.0,140.9164459707677,-31.60323812292409,676.9196840936918,36.15986110475438,26.224995992168804,9.516464036429845,324.7754117741719,23.317299776910186,419.9940326844351,1.3232231238934336,238.07938641066104,-3928.768755963593,2.5,129.91016470966878,256925.65140925662,0.8967200000000001,0.418650272635662,1.3153702726356622,18702.80085599525,42.57296764426198,85.8063892666997,52.208029915714306,1101995.0230855157
333811.2332955947,520.0,159.50445052240903,-24.514746105262407,688.4191966276715,38.747911829586315,27.05338358774062,7.613171229143876,261.71691859640663,19.47657808919934,354.6079633320768,1.3328821473471983,190.46350912852748,-3143.015004770852,2.0,130.85845929820331,333811.2332955947,0.8967200000000001,0.45825938101455577,1.3549793810145556,19274.28912457091,39.676307119320235,67.50543839729492,44.81567826739674,1101995.0230855157
409117.8062032777,520.0,175.9876688979979,-17.74012939851582,698.1277982965138,41.0550073617922,27.794161297375357,5.709878421857911,197.41355106189943,17.037393950311117,289.009992093236,1.3405272600945515,142.84763184639453,-2357.261253578121,1.5,131.60903404126628,409117.8062032777,0.8967200000000001,0.4935685795935523,1.3902885795935525,19784.251048821203,37.26648393158096,48.115390908887,35.785250453780144,1101995.0230855157
490875.6124926773,520.0,204.32327813303218,-11.501584183333401,720.2248623163656,45.429229076787756,29.204030959010943,3.806585614571936,129.30939730602063,21.60000686729704,229.3492498236883,1.3171039004873097,95.23175456426227,-1571.5075023854015,1.0,129.30939730602063,490875.6124926773,0.8967200000000001,0.5605143393192734,1.4572343393192735,20746.25609851811,33.07539734280268,33.66700491822789,26.879807312198125,1101995.0230855157
-137542.41271202022,500.0,73.04872364895348,-70.12265367318514,628.1713773221386,28.48556697734472,23.20138171010523,19.032928072859704,639.4589380733075,55.534975200541695,765.7137900341588,1.302664584453274,476.15877282135267,-7857.53751192769,5.0,127.89178761466151,-137542.41271202022,0.8613200000000001,0.30652842401676117,1.1678484240167613,16576.32439205726,55.56626883767923,92.617337400445,80.00000053504898,1101995.0230855157
-62233.70474915253,500.0,84.12956280782244,-62.01781661839845,631.1473794262209,29.776634430683185,23.60899036459074,17.129635265573736,572.1720311897664,50.69379292475939,693.3810841753734,1.2951022547130147,428.542895539209,-7071.783760734782,4.5,127.14934026439252,-62233.70474915253,0.8613200000000001,0.32628770855979006,1.1876077085597903,16863.273803846903,53.55333353723889,89.48515770150499,74.7062996608503,1101995.0230855157
11980.678155843867,500.0,94.29195747952114,-54.25109134980295,633.5430488293241,30.962091516050457,23.98413776210746,15.226342458287775,506.0003046415701,45.38949429546445,621.5623706734802,1.288489059526602,380.9270182570685,-6286.030009541927,4.0,126.50007616039252,11980.678155843867,0.8613200000000001,0.3444306675529494,1.2057506675529495,17127.07351300251,51.78485294375835,88.6102081821886,68.6733866611186,1101995.0230855157
87446.03623955406,500.0,109.02867797336913,-46.63893021172075,640.6676081850899,32.79131995512008,24.56457016947208,13.323049651001797,442.95963978884,39.5829923811019,553.2215719455359,1.2890983761850634,333.3111409749314,-5500.276258349127,3.5,126.5598970825257,87446.03623955406,0.8613200000000001,0.37242629638575486,1.233746296385755,17532.375704413702,49.19446452937481,88.46581649576432,63.25327667431591,1101995.0230855157
165357.0339585683,500.0,129.12843401281174,-38.9346708744443,653.063104887256,35.44288109929346,25.409043904061278,11.419756843715822,387.96746470407055,27.466924377546658,487.7060709286878,1.3172372404731545,285.6952636927957,-4714.522507156353,3.0,129.32248823469018,165357.0339585683,0.8613200000000001,0.4130074069973519,1.274327406997352,18118.063169488807,45.70899886939439,103.76056262649527,58.3513309855653,1101995.0230855157
242688.93202414503,500.0,148.22869108016712,-31.603245091614838,664.8319361717821,38.035685983538414,26.238040303330006,9.516464036429854,324.77532730187323,23.57748652246553,422.14300414763704,1.3232227797303737,238.07938641066133,-3928.768755963597,2.5,129.9101309207493,242688.93202414503,0.8613200000000001,0.4526892759344688,1.3140092759344688,18690.70128954791,42.57273520886797,85.80715921480383,52.20831495716029,1101995.0230855157
319571.52572574955,500.0,166.81528738752615,-24.514748447636926,676.3300358351631,40.623447561651226,27.068306008741455,7.61317122914389,261.71686332979453,19.73672198008241,356.7585101094135,1.3328818658832375,190.46350912852745,-3143.0150047708507,2.0,130.85843166489727,319571.52572574955,0.8613200000000001,0.49229395903544015,1.3536139590354401,19262.134449356505,39.676155866158844,67.50582602255147,44.81584911340917,1101995.0230855157
394875.69441144256,500.0,183.29746137175033,-17.740129415350726,686.0375907871011,42.930328714636644,27.81066244941056,5.709878421857916,197.41353278554703,17.297494004206367,291.1618963756585,1.3405271359898578,142.84763184639434,-2357.2612535781177,1.5,131.60902185703137,394875.69441144256,0.8613200000000001,0.5275998766239635,1.3889198766239637,19772.056285763145,37.26639209285624,48.11555705655293,35.78533864240215,1101995.0230855157
476629.63340653246,500.0,211.63170340424676,-11.501584170666813,708.1332875749137,47.30426852496348,29.223314076056784,3.8065856145719414,129.3093925915711,21.860093361217842,231.50365416838116,1.3171038524674443,95.23175456426227,-1571.5075023854013,1.0,129.3093925915711,476629.63340653246,0.8613200000000001,0.5945413219085218,1.455861321908522,20734.01153715358,33.07537377828489,33.66703481966313,26.879826462690644,1101995.0230855157
-151767.10679820576,480.0,80.36591850307695,-70.12482391357095,616.0907424166479,30.362565058793535,23.20661859709747,19.03292807285973,639.4594902700516,55.796247216051334,767.8578492148537,1.3026657093529346,476.15877282135256,-7857.537511927688,5.0,127.89189805401031,-151767.10679820576,0.8259200000000001,0.34058397466647283,1.166503974666473,16564.429060731243,55.56626914811441,92.62221811225149,80.0000000881085,1101995.0230855157
-76457.74527108751,480.0,91.44967116641705,-62.01790315469274,619.0675743211096,31.653854669499463,23.615598046565665,17.12963526557375,572.1718289502256,50.954402660332704,695.5253195921972,1.295101796947044,428.5428955392089,-7071.783760734782,4.5,127.14929532227237,-76457.74527108751,0.8259200000000001,0.36034665924148745,1.1862666592414877,16851.433950256458,53.55265562035397,89.48263822971518,74.70724535927296,1101995.0230855157
-2245.169555752771,480.0,101.61116322785725,-54.25113018711894,621.4622934149761,32.839113066411315,23.991832549823236,15.226342458287778,506.0000605148207,45.65011438138586,623.7074629707289,1.2884884378774792,380.9270182570684,-6286.030009541923,4.0,126.50001512870517,-2245.169555752771,0.8259200000000001,0.3784865773852209,1.204406577385221,17115.19501271913,51.78421391617417,88.60862231834825,68.67423410448133,1101995.0230855157
73217.1432937386,480.0,116.34582044202638,-46.638977252097256,628.5847976941236,34.66795221404562,24.573838246921653,13.323049651001805,442.9583585709629,39.84445571745299,555.367654400385,1.2890946475928027,333.31114097493133,-5500.276258349124,3.5,126.55953102027512,73217.1432937386,0.8259200000000001,0.4064762482642257,1.2323962482642257,17520.419037346444,49.19402727927025,88.45945148284943,63.25383888691264,1101995.0230855157
151124.42065520113,480.0,136.4436715889842,-38.93468758622461,640.9783591752088,37.31911619015273,25.420491323922672,11.419756843715833,387.9673453687099,27.72722879350648,489.8539385200076,1.3172368353026298,285.6952636927957,-4714.522507156351,3.0,129.32244845623663,151124.42065520113,0.8259200000000001,0.44705128037325287,1.272971280373253,18106.029181763293,45.708667354230336,103.76190076506697,58.35175419525799,1101995.0230855157
228453.016647542,480.0,155.54225762513755,-31.6032520609118,652.7455096860493,39.91157767475287,26.25147336367302,9.516464036429861,324.7752428240987,23.837735139552862,424.2924930385073,1.323222435545006,238.0793864106612,-3928.7687559635947,2.5,129.91009712963947,228453.016647542,0.8259200000000001,0.4867278937125461,1.3126478937125463,18678.60084774671,42.57250275771254,85.80792922912418,52.20860002104775,1101995.0230855157
305332.6433640675,480.0,174.1274461478189,-24.51475078926144,664.2421969370803,42.49905022154103,27.08359666242261,7.61317122914389,261.7168080814299,19.996927378475338,358.9095535730128,1.3328815845122077,190.46350912852742,-3143.015004770852,2.0,130.85840404071496,305332.6433640675,0.8259200000000001,0.5263281533016653,1.3522481533016653,19249.978838712348,39.67600466241643,67.50621352563604,44.81601990490298,1101995.0230855157
380634.42524806753,480.0,190.60857650758683,-17.740129432125322,673.9487059397121,44.805717169258116,27.827515269112915,5.709878421857918,197.41351453015434,17.55765530126128,293.31428069164457,1.3405270120274884,142.84763184639436,-2357.2612535781186,1.5,131.60900968676958,380634.42524806753,0.8259200000000001,0.5616307925619819,1.387550792561982,19759.860556347216,37.26630033058161,48.11572307375707,35.78542675804665,1101995.0230855157
462384.52312705887,480.0,218.94144793437812,-11.501584157500664,696.0430320918787,49.17937458926902,29.242920970764935,3.806585614571944,129.30938795255906,22.12023983765491,233.65850896481987,1.3171038052159607,95.23175456426227,-1571.5075023854015,1.0,129.30938795255906,462384.52312705887,0.8259200000000001,0.6285679159727383,1.4544879159727384,20721.76578824844,33.07535116562383,33.66706350753805,26.879844839650634,1101995.0230855157
-165991.0764281886,460.0,87.68444200007855,-70.12699557824666,604.0114375783252,32.23962650663972,23.212333243105725,19.032928072859708,639.4600426356762,56.057583548232394,770.0025140065138,1.3026668345966275,476.1587728213525,-7857.537511927688,5.0,127.89200852713525,-165991.0764281886,0.7905200000000001,0.37463918636281,1.1651591863628101,16552.533859655174,55.56626914969537,92.6270981202528,80.00000008583237,1101995.0230855157
-90681.04346912901,460.0,98.77111369975825,-62.017989495063766,606.989103194822,33.53113900609306,23.622668938785576,17.12963526557374,572.171630607219,51.215072846279654,697.670146663951,1.2951013480008167,428.54289553920876,-7071.783760734776,4.5,127.14925124604866,-90681.04346912901,0.7905200000000001,0.394405282163296,1.184925282163296,16839.59432894114,53.551976620296074,89.48015921541332,74.7081925927296,1101995.0230855157
-16470.26246848097,460.0,108.93170041234545,-54.25116896966861,609.3828693820141,34.71619833032869,23.999976804604135,15.22634245828778,505.9998190350756,45.910795222198864,625.8531318504951,1.2884878229687393,380.9270182570684,-6286.030009541924,4.0,126.4999547587689,-16470.26246848097,0.7905200000000001,0.41254215357725094,1.2030621535772512,17103.316603740786,51.783574345327416,88.60706017922126,68.67508228923124,1101995.0230855157
58989.024958235095,460.0,123.66429378567544,-46.63902419243843,616.503317978114,36.54464810171615,24.583535927066443,13.323049651001805,442.95708305938103,40.10597628071333,557.5142930198788,1.2890909356069662,333.31114097493133,-5500.276258349127,3.5,126.55916658839459,58989.024958235095,0.7905200000000001,0.44052586520444525,1.2310458652044454,17508.462360612848,49.19358962664171,88.45312117138566,63.25440162707985,1101995.0230855157
136892.6075550422,460.0,143.76023883696212,-38.934704304318345,628.8949431412805,39.19541473613925,25.432342411446545,11.419756843715831,387.96722599221283,27.987595602723793,492.00233558623825,1.317236429992436,285.6952636927962,-4714.522507156359,3.0,129.32240866407093,136892.6075550422,0.7905200000000001,0.4810948161537519,1.271614816153752,18093.995038854348,45.70833572371733,103.76323940410803,58.35217755834641,1101995.0230855157
214217.92450395838,460.0,162.85715385413556,-31.60325903085988,640.6604128849955,41.787532845710224,26.265287437488787,9.51646403642986,324.77515834031135,24.098045721096895,426.4424883810371,1.3232220913351398,238.07938641066121,-3928.7687559635947,2.5,129.91006333612452,214217.92450395838,0.7905200000000001,0.5207661742719608,1.311286174271961,18666.50016204716,42.572270289300405,85.80869931461477,52.20888510921111,1101995.0230855157
291094.605195838,460.0,181.44093501340674,-24.514753130216192,652.1556881436228,44.374716467375045,27.09924802181067,7.613171229143888,261.71675284942995,20.257194380025236,361.0610829477848,1.33288130322452,190.46350912852756,-3143.015004770852,2.0,130.85837642471498,291094.605195838,0.7905200000000001,0.5603620119745911,1.3508820119745912,19237.822922945867,39.675853502724564,67.5066009203776,44.81619064794089,1101995.0230855157
366394.0174896636,460.0,197.92102245420946,-17.74012944885816,661.8611519030676,46.68116937010636,27.84471239053119,5.7098784218579155,197.4134962918831,17.817877939025436,295.467134413404,1.340526888181381,142.8476318463944,-2357.2612535781186,1.5,131.60899752792207,366394.0174896636,0.7905200000000001,0.595661375359766,1.3861813753597663,19747.664488564515,37.26620863804335,48.11588896968041,35.785514807159565,1101995.0230855157
448140.29880887293,460.0,226.25251773131174,-11.501584143648497,683.9541018749602,51.054543537542415,29.26284441711799,3.8065856145719383,129.30938340996565,22.38044608688931,235.8138030660873,1.317103758946566,95.23175456426232,-1571.5075023854024,1.0,129.30938340996565,448140.29880887293,0.7905200000000001,0.6625941637001792,1.4531141637001792,20709.519398498047,33.075329807214054,33.667090596329956,26.87986219732306,1101995.0230855157
-180214.6629042495,440.0,95.00392441645272,-70.12916920363044,591.9330936200832,34.116745812614084,23.218517569415454,19.032928072859708,639.4605959214997,56.318969147943776,772.1477565243327,1.3026679617148893,476.1587728213528,-7857.5375119276905,5.0,127.89211918429993,-180214.6629042495,0.75512,0.4086940668528798,1.1638140668528798,16540.638128451305,55.566269151308,92.63198540735941,80.00000008351066,1101995.0230855157
-104903.94086044573,440.0,106.09351993330193,-62.01807564021465,594.9115955735166,35.40848166867511,23.630195053803003,17.129635265573746,572.1714361040471,51.475788341863314,699.8155364339623,1.2951009077459938,428.54289553920864,-7071.7837607347765,4.5,127.14920802312159,-104903.94086044573,0.75512,0.42846358103925547,1.1835835810392554,16827.7542208671,53.55129657208068,89.47772009117685,74.70914131248604,1101995.0230855157
-30694.94222849363,440.0,116.25319861623143,-54.251207698245004,597.3044063144764,36.593341545500884,24.008562701775077,15.226342458287775,505.9995801379913,46.171521699414996,627.99934854297,1.2884872146365376,380.92701825706837,-6286.030009541925,4.0,126.49989503449783,-30694.94222849363,0.75512,0.4465973999882831,1.201717399988283,17091.43756977101,51.78293425656768,88.60552117418821,68.67593118180321,1101995.0230855157
44761.339843832655,440.0,130.9837285229027,-46.63907089619436,604.422799419097,38.421401989214885,24.59365565731936,13.323049651001808,442.95581947768517,40.36753280004318,559.6614595752644,1.289087258339409,333.3111409749314,-5500.276258349127,3.5,126.55880556505291,44761.339843832655,0.75512,0.4745751531070664,1.2296951531070663,17496.504988122735,49.19315141643611,88.44686450433304,63.25496509422037,1101995.0230855157
122661.25255311967,440.0,151.0777654383747,-38.934721028480645,616.8124864668554,41.07177099092285,25.444589863942703,11.419756843715831,387.967106576497,28.248009638657358,494.1512339137357,1.317236024549089,285.69526369279583,-4714.522507156355,3.0,129.32236885883233,122661.25255311967,0.75512,0.5151380184425325,1.2702580184425325,18081.96003008671,45.70800398258857,103.76457852504808,58.35260106879449,1101995.0230855157
199983.31324332784,440.0,170.17300944678212,-31.603266001487796,628.5762754482699,43.66354574843157,26.27947546380552,9.516464036429852,324.775073850154,24.358403106121127,428.59296220494207,1.323221747099321,238.07938641066113,-3928.768755963593,2.5,129.9100295400616,199983.31324332784,0.75512,0.554804121691154,1.3099241216911541,18654.39852240664,42.572037802672405,85.80946947445649,52.209170222827396,1101995.0230855157
276857.0686386273,440.0,188.7553836324957,-24.5147554705707,640.0701391030664,46.25044054356997,27.115253232797574,7.613171229143883,261.71669763214817,20.517507826779514,363.2130704644391,1.3328810220117906,190.46350912852745,-3143.0150047708507,2.0,130.85834881607408,276857.0686386273,0.75512,0.5943955390162862,1.3495155390162863,19225.66599120719,39.67570238262632,67.5069882181835,44.81636134755622,1101995.0230855157
352154.1283534612,440.0,205.23442880822614,-17.740129465533915,649.77455827376,48.556679550059314,27.862247119349398,5.709878421857912,197.41347807191204,18.078146757120134,297.6204299202988,1.3405267644595413,142.8476318463943,-2357.2612535781177,1.5,131.6089853812747,352154.1283534612,0.75512,0.6296916288027841,1.384811628802784,19735.46736970749,37.266117009438204,48.11605475757723,35.78560279531258,1101995.0230855157
433896.61541494075,440.0,233.56453923801863,-11.501584128826712,671.8661233668454,52.92976905251715,29.283077800241472,3.806585614571938,129.3093789964931,22.64069648808099,237.9695079519047,1.3171037139923556,95.23175456426229,-1571.507502385402,1.0,129.3093789964931,433896.61541494075,0.75512,0.6966200604565745,1.4517400604565747,20697.271535940614,33.075310168527714,33.667115492605106,26.8798781574208,1101995.0230855157
-194438.50598866038,420.0,102.3236828242956,-70.13134471434539,579.855027538641,35.9939151316933,23.22516401233499,19.032928072859708,639.4611501099182,56.58037620049519,774.2935335273014,1.3026690906718612,476.15877282135256,-7857.537511927689,5.0,127.89223002198365,-194438.50598866038,0.71972,0.4427485811990869,1.162468581199087,16528.74001064317,55.56626915293482,92.63687981483481,80.00000008116845,1101995.0230855157
-119127.07747990184,420.0,113.41620677984235,-62.018161590965846,582.8343683708082,37.285874795826054,23.638168995109318,17.12963526557374,572.1712453854461,51.73652140875481,701.9614458507101,1.295100476057485,428.5428955392091,-7071.783760734782,4.5,127.14916564121025,-119127.07747990184,0.71972,0.4625215206808358,1.1822415206808359,16815.91176662528,53.5506155082427,89.47532030424135,74.71009147326451,1101995.0230855157
-44919.84898650681,420.0,123.57497483397239,-54.25124637004169,585.2262212040141,38.47053486313492,24.017583006840926,15.22634245828777,505.999343879818,46.432265982439354,630.146070190521,1.2884866130241102,380.9270182570684,-6286.030009541926,4.0,126.4998359699545,-44919.84898650681,0.71972,0.48065228162302526,1.2003722816230251,17079.55605482129,51.78229366800951,88.60400579906128,68.67678075822444,1101995.0230855157
30533.447712307796,420.0,138.30344191057617,-46.639117327346376,592.3425592379225,40.29820606631342,24.604190442678444,13.323049651001797,442.9545694219154,40.629095943705686,561.8091115256148,1.2890836204349185,333.3111409749313,-5500.276258349125,3.5,126.55844840626153,30533.447712307796,0.71972,0.5086240775670108,1.228344077567011,17484.54507328015,49.19271261695367,88.44069153287974,63.25552932913381,1101995.0230855157
108429.71502869617,420.0,158.3955684543245,-38.934737758484616,604.7303062128092,42.94817711741286,25.457226961779703,11.419756843715827,387.96698712300963,28.508443138194977,496.300591184113,1.3172356189774963,285.6952636927961,-4714.522507156358,3.0,129.3223290410032,108429.71502869617,0.71972,0.5491808524234035,1.2689008524234038,18069.922304136075,45.70767213549239,103.76591810864296,58.35302472067425,1101995.0230855157
185748.54200419103,420.0,177.48914146498487,-31.603272972810846,616.4924144377958,45.5396085449043,26.29403096222877,9.516464036429856,324.7749893534452,24.618779536596573,430.74387243360474,1.3232214028368103,238.079386410661,-3928.768755963591,2.5,129.90999574137808,185748.54200419103,0.71972,0.5888417011398226,1.3085617011398227,18642.29407828161,42.57180529733191,85.81023971029771,52.20945536250646,1101995.0230855157
262619.39260485023,420.0,196.0701090415403,-24.514757810383998,627.9848668519244,48.12621460587724,27.131606019914955,7.613171229143886,261.7166424281869,20.777839963951134,365.36547424707413,1.3328807408669008,190.46350912852736,-3143.0150047708503,2.0,130.85832121409345,262619.39260485023,0.71972,0.6284286995010097,1.3481486995010097,19213.506192437555,39.67555129844592,67.50737542842653,44.816532007899944,1101995.0230855157
337914.1165585968,420.0,212.54811256216567,-17.740129482159777,637.6882420443253,50.432239855033195,27.880113338546487,5.7098784218579155,197.41345986837575,18.338434001915218,299.7741254857286,1.3405266408493008,142.84763184639422,-2357.261253578116,1.5,131.60897324558383,337914.1165585968,0.71972,0.6637215178147693,1.3834415178147692,19723.267347226414,37.266025439871456,48.11622044525116,35.78569072720511,1101995.0230855157
419652.82828172843,420.0,240.87682449193818,-11.50158411258105,659.7784086045192,54.805042420354766,29.30361497725152,3.8065856145719414,129.30937476533634,22.90096254527619,240.12558032279077,1.3171036708951538,95.23175456426236,-1571.5075023854033,1.0,129.30937476533634,419652.82828172843,0.71972,0.7306455580074462,1.4503655580074462,20685.020161054013,33.07529300111967,33.667137238197775,26.879892109159226,1101995.0230855157
-208663.44117727107,400.0,109.6428293707147,-70.13352204157336,567.7763514122881,37.871125174705035,23.2322655175132,19.032928072859708,639.4617051846493,56.84176863983195,776.4397925895593,1.3026702214343715,476.1587728213525,-7857.537511927689,5.0,127.89234103692986,-208663.44117727107,0.68432,0.4768026657835696,1.1611226657835696,16516.836859314462,55.56626915454571,92.64178119707715,80.00000007884924,1101995.0230855157
-133351.28908703953,400.0,120.73828623794688,-62.01824734841819,570.7565335863651,39.163309083066224,23.646583874079322,17.129635265573746,572.1710583959222,51.997236054763114,704.1078226734046,1.2951000528096843,428.5428955392089,-7071.783760734782,4.5,127.14912408798271,-133351.28908703953,0.68432,0.4965790372358972,1.1808990372358972,16804.064316603126,53.549933459300405,89.4729592958315,74.71104303259577,1101995.0230855157
-59145.81863771402,400.0,130.89614110341577,-54.251284987839384,573.1474260912552,40.34776898551662,24.027030989734378,15.226342458287776,505.9991101369872,46.69299215844322,632.2932447289692,1.2884860178167998,380.9270182570685,-6286.030009541926,4.0,126.4997775342468,-59145.81863771402,0.68432,0.5147067347328871,1.1990267347328873,17067.669411406863,51.781652604122925,88.60251293329316,68.67763098609043,1101995.0230855157
16304.512098392588,400.0,145.62254531267254,-46.63916360233115,580.2617089150037,42.17505094156977,24.615133747751152,13.323049651001783,442.95332752091747,40.89063495537093,563.9571968166111,1.289080006262394,333.3111409749312,-5500.276258349123,3.5,126.55809357740499,16304.512098392588,0.68432,0.5426725734012184,1.2269925734012186,17472.579948959217,49.192273384098584,88.43456861180174,63.25609413138498,1101995.0230855157
94197.15863844263,400.0,165.7127600253495,-38.93475449410257,592.647514519452,44.8246238344854,25.47024748623815,11.419756843715827,387.96686763344644,28.768860083123588,498.4503558810094,1.317235213283419,285.6952636927962,-4714.522507156358,3.0,129.3222892111488,94197.15863844263,0.68432,0.5832232546016758,1.267543254601676,18057.879219237006,45.70734018691953,103.76725813697803,58.35344850825847,1101995.0230855157
171512.77420589275,400.0,184.80466205202904,-31.603279944833567,604.4079419968626,47.41571195361569,26.308947951121297,9.51646403642986,324.7749048501348,24.87913899966825,432.8951677909699,1.3232210585473996,238.07938641066139,-3928.7687559635992,2.5,129.90996194005393,171512.77420589275,0.68432,0.6228788491173396,1.3071988491173396,18630.184188797793,42.57157277313549,85.81101002261627,52.209740528425016,1101995.0230855157
248380.74029290787,400.0,203.38422336326838,-24.514760149701548,615.89898351297,50.00202936767519,27.14830060481851,7.613171229143888,261.7165872364834,21.038154781941085,367.51824322006206,1.332880459784436,190.4635091285275,-3143.015004770853,2.0,130.8582936182417,248380.74029290787,0.68432,0.6624614298499304,1.3467814298499305,19201.340885485213,39.675400247138306,67.5077625589535,44.81670263241088,1101995.0230855157
323673.14511618204,400.0,219.8611858015006,-17.74012949873701,625.6013153002376,52.307840990037434,27.898305427139842,5.709878421857912,197.4134416803538,18.59870366466658,301.9281701840556,1.3405265173444063,142.84763184639453,-2357.2612535781213,1.5,131.60896112023588,323673.14511618204,0.68432,0.6977509786888161,1.3820709786888161,19711.0617787949,37.265933925146655,48.11638604019222,35.78577860686609,1101995.0230855157
405408.09488210746,400.0,248.1884771892508,-11.501584094134296,647.690061283385,56.68035289514433,29.324450103729887,3.8065856145719352,129.30937080837103,23.16120697946041,242.2819664012776,1.3171036305907788,95.23175456426235,-1571.5075023854029,1.0,129.30937080837103,405408.09488210746,0.68432,0.7646705704401086,1.4489905704401085,20672.76231525185,33.075279597672264,33.66715418504984,26.879903001983866,1101995.0230855157
-222890.36932783527,380.0,116.96040796340962,-70.13570112219301,555.6961090856025,39.748366082709026,23.239815466749416,19.03292807285971,639.4622611302985,57.1031076608212,778.5864784134378,1.30267135397106,476.15877282135244,-7857.537511927688,5.0,127.8924522260597,-222890.36932783527,0.64892,0.5108562420593618,1.1597762420593618,16504.92569215075,55.56626915615799,92.64668942217324,80.00000007652798,1101995.0230855157
-147577.47679546173,380.0,128.05880207668966,-62.01833291368932,558.677134990379,41.04077465697782,23.655433237079443,17.12963526557374,572.1708750825101,52.25789354369964,706.2546117858408,1.295099637882704,428.5428955392088,-7071.783760734778,4.5,127.1490833516689,-147577.47679546173,0.64892,0.5306360519359073,1.1795560519359074,16792.20888596859,53.54925045341975,89.47063653420648,74.71199595128853,1101995.0230855157
-73373.75241903437,380.0,138.21574125608407,-54.251323550811904,561.0670648068959,42.22503404903401,24.036900355101974,15.226342458287757,505.9988789063614,46.95366145714514,634.4408172259303,1.2884854290066177,380.9270182570685,-6286.030009541926,4.0,126.49971972659036,-73373.75241903437,0.64892,0.5487606806994039,1.197680680699404,17055.774657487793,51.78101108235055,88.60104254129094,68.67848184231418,1101995.0230855157
2073.6319348077523,380.0,152.94008331686325,-46.63920960888926,568.1792929257525,44.05192685934262,24.626479534891434,13.323049651001792,442.952098878028,41.152106067680876,566.1056609909447,1.2890764306735334,333.3111409749311,-5500.276258349124,3.5,126.55774253657943,2073.6319348077523,0.64892,0.5767205636436745,1.2256405636436747,17460.60665772744,49.19183358999885,88.42852770883621,63.25665966543686,1101995.0230855157
79962.68168392108,380.0,173.0283840533389,-38.934771235119946,580.5631552884587,46.70110129063779,25.48364564801073,11.41975684371582,387.96674810933894,29.02922171283435,500.6004736045376,1.3172348074720588,285.69526369279566,-4714.52250715635,3.0,129.32224936977966,79962.68168392108,0.64892,0.6172651465442215,1.2661851465442215,18045.82779807071,45.70700814112874,103.7685985928863,58.353872426115764,1101995.0230855157
157275.10791492014,380.0,192.1186151137012,-31.603286917553845,592.321902031255,49.29184612302203,26.324220876704164,9.516464036429852,324.77482034024325,25.13944273993565,435.0467941163349,1.3232207142311805,238.07938641066087,-3928.7687559635892,2.5,129.9099281360973,157275.10791492014,0.64892,0.6569154871899362,1.3058354871899363,18618.065877597157,42.57134023015977,85.81178041116067,52.21002572048985,1101995.0230855157
234140.20955197845,380.0,210.6967704865036,-24.514762488563495,603.811532975067,51.87787497315178,27.16533163593137,7.613171229143881,261.71653205608453,21.298413528777008,369.6713234230886,1.332880178759546,190.4635091285274,-3143.0150047708507,2.0,130.85826602804227,234140.20955197845,0.64892,0.6964936515639693,1.3454136515639694,19189.167093896103,39.67524922615035,67.50814961628915,44.81687322397212,1101995.0230855157
309430.3116926138,380.0,227.17269238307117,-17.740129515266904,613.5128218983381,54.18347309205721,27.916818190274615,5.709878421857901,197.41342350704204,18.858916994492464,304.08251020572425,1.340526393939403,142.84763184639456,-2357.261253578122,1.5,131.60894900469467,309430.3116926138,0.64892,0.7317799328155972,1.380699932815597,19698.84768703611,37.26584246163736,48.116551548857025,35.78586643777712,1101995.0230855157
391161.5028246158,380.0,255.4985256045422,-11.501584072033191,635.6001096765754,58.55568792379821,29.345577351008917,3.8065856145719414,129.3093672981284,23.421388664451985,244.43860685195946,1.317103594836577,95.23175456426235,-1571.5075023854029,1.0,129.3093672981284,391161.5028246158,0.64892,0.7986949779747287,1.447614977974729,20660.494433903943,33.07527238012668,33.66716324539569,26.879908867602147,1101995.0230855157
-237120.11086843465,360.0,124.27554717099355,-70.1378818981236,543.6134290691172,41.62562843308659,23.24780761325301,19.03292807285971,639.4628179294184,57.364357888934116,780.7335399375519,1.3026724882463834,476.1587728213527,-7857.537511927691,5.0,127.89256358588368,-237120.11086843465,0.6135200000000001,0.5449092323619178,1.1584292323619179,16493.003706477546,55.56626915777233,92.65160439372681,80.00000007420378,1101995.0230855157
-161806.46128133324,360.0,135.37688273593633,-62.01841828812873,546.5953010240651,42.91826208149269,23.664711001266888,17.129635265573746,572.1706953921214,52.51845856494359,708.4017623053983,1.295099231156378,428.5428955392091,-7071.783760734784,4.5,127.14904342047141,-161806.46128133324,0.6135200000000001,0.5646924869104767,1.1782124869104769,16780.342669755082,53.54856651679425,89.46835148381803,74.71295019289985,1101995.0230855157
-87604.47113391652,360.0,145.5329037854966,-54.251362059135296,548.984265844632,44.10232062609751,24.047185177125773,15.226342458287771,505.9986501550989,47.21423856193854,636.5887369785485,1.2884848465099348,380.92701825706837,-6286.030009541923,4.0,126.49966253877473,-87604.47113391652,0.6135200000000001,0.582814041781954,1.1963340417819541,17043.86899059439,51.780369119772544,88.59959432100923,68.67933330428721,1101995.0230855157
-12160.013912395574,360.0,160.25518420294455,-46.63925538710719,556.0944395900517,45.928824363104,24.63822209082605,13.323049651001796,442.95088162644817,41.413475771067255,568.2544535024473,1.2890728882355909,333.3111409749311,-5500.276258349123,3.5,126.55739475041375,-12160.013912395574,0.6135200000000001,0.610767970110868,1.2242879701108682,17448.622391679328,49.19139329414851,88.42255713100883,63.25722585482271,1101995.0230855157
65725.46290139447,360.0,180.3415691025684,-38.93478798134263,568.4763570839111,48.57760007024986,25.497416024906748,11.419756843715838,387.9666285520223,29.289492691621835,502.7508941825166,1.317234401547943,285.69526369279583,-4714.522507156354,3.0,129.32220951734078,65725.46290139447,0.6135200000000001,0.6513064506936013,1.2648264506936013,18033.76524285211,45.706676002026924,103.76993946046767,58.35429646926375,1101995.0230855157
143034.7216332067,360.0,199.43012921833375,-31.603293890967183,580.2334231093009,51.16800163758632,26.339844551499322,9.516464036429863,324.77473582382976,25.399655426748918,437.1987014760942,1.3232203698883842,238.07938641066133,-3928.7687559635974,2.5,129.9098943295319,143034.7216332067,0.6135200000000001,0.690951537801447,1.304471537801447,18605.936347880015,42.571107668555,85.81255087543661,52.21031093851756,1101995.0230855157
219896.97866876377,360.0,218.0068789649817,-24.514764827004736,591.7216437919865,53.75374200307435,27.182694127569178,7.613171229143892,261.71647688617435,21.558580877260972,371.82466512322276,1.332879897788071,190.46350912852756,-3143.0150047708535,2.0,130.85823844308717,219896.97866876377,0.6135200000000001,0.7305252870303982,1.3440452870303985,19176.982020897743,39.67509823326337,67.50853660611743,44.817043785089176,1101995.0230855157
295184.79439473565,360.0,234.4817608325013,-17.74012953175108,601.4218903642524,56.05912673552114,27.935646798908397,5.709878421857919,197.41340534764697,19.119038665582302,306.23709596951676,1.3405262706289023,142.84763184639445,-2357.2612535781195,1.5,131.6089368984313,295184.79439473565,0.6135200000000001,0.7658083024853838,1.379328302485384,19686.62227444264,37.26575104615177,48.116716976838916,35.785954223002584,1101995.0230855157
376912.20933299663,360.0,262.8060654599121,-11.501584043209402,623.5076495031216,60.431032422931565,29.366990276726245,3.8065856145719406,129.30936459986057,23.68146725603457,246.5954401701249,1.3171035673528904,95.23175456426229,-1571.5075023854015,1.0,129.30936459986057,376912.20933299663,0.6135200000000001,0.8327186163109369,1.446238616310937,20648.21248324139,33.07527646977456,33.66715789002259,26.87990554397825,1101995.0230855157
-251353.25672451023,340.0,131.5876165883529,-70.1400643257602,531.527680914113,43.502904284478554,23.25623602457242,19.032928072859708,639.4633755874564,57.62549366925622,782.8809376386233,1.3026736242714394,476.15877282135284,-7857.537511927691,5.0,127.89267511749128,-251353.25672451023,0.57812,0.5789615763788696,1.1570815763788695,16481.068810152414,55.56626915937946,92.65652591184383,80.00000007188999,1101995.0230855157
-176038.8345074997,340.0,142.6918960482655,-62.018503626715244,534.5103996749808,44.795763185558584,23.67441132769133,17.129635265573743,572.1705170450983,52.778907358558484,710.5492341824805,1.2950988274707396,428.54289553920916,-7071.783760734783,4.5,127.14900378779964,-176038.8345074997,0.57812,0.59874827833187,1.17686827833187,16768.46352597842,53.54788200475527,89.46607964366592,74.71390526174591,1101995.0230855157
-101838.56607726263,340.0,152.8469982216581,-54.251400513054946,536.898398734713,45.979620770811415,24.05787984362755,15.226342458287784,505.99842385044514,47.474697888803824,638.7369648119758,1.2884842702433443,380.9270182570683,-6286.030009541923,4.0,126.49960596261128,-101838.56607726263,0.57812,0.6168667575987322,1.1949867575987323,17031.95031889207,51.77972673170576,88.59816797350307,68.68018535173779,1101995.0230855157
-26397.0169462153,340.0,167.56721752374173,-46.63930093939675,544.0065184631385,47.80573551121915,24.65035602608166,13.323049651001812,442.94967561106,41.67471860999118,570.4035354093538,1.289069378497143,333.3111409749312,-5500.276258349124,3.5,126.55705017458857,-26397.0169462153,0.57812,0.6448147324862052,1.2229347324862052,17436.625060827413,49.19095250830686,88.41665595939907,63.25779268445505,1101995.0230855157
51484.910531204485,340.0,187.65168476634923,-38.934804732593676,556.386489498943,50.45411223807716,25.511553507145113,11.41975684371584,387.9665089629161,29.549647415884284,504.9015789677385,1.3172339955158952,285.6952636927958,-4714.522507156354,3.0,129.32216965430538,51484.910531204485,0.57812,0.6853471068310238,1.2634671068310237,18021.689466140473,45.7063437730241,103.77128072644736,58.354720633354006,1101995.0230855157
128791.02336597786,340.0,206.73857396239742,-31.603300865071763,568.1418748274691,53.044170562041906,26.35581410039228,9.516464036429866,324.77465130091514,25.65975146171209,439.3508514614913,1.323220025519104,238.07938641066116,-3928.7687559635947,2.5,129.90986052036604,128791.02336597786,0.57812,0.7249869407327476,1.3031069407327478,18593.793513169247,42.57087508839407,85.81332141520565,52.21059618241954,1101995.0230855157
205650.45543363114,340.0,225.31391838169029,-24.514767165056398,579.6286855467467,55.62962251878088,27.200383406715524,7.6131712291438935,261.7164217260164,21.81863123245889,373.97823011311556,1.3328796168662642,190.46350912852745,-3143.015004770851,2.0,130.8582108630082,205650.45543363114,0.57812,0.7645562759781211,1.3426762759781212,19164.783580107607,39.67494726644523,67.50892353364385,44.81721431805682,1101995.0230855157
280936.00083442125,340.0,241.78776070728938,-17.740129548189145,589.3278902554786,57.93479397602446,27.9547867371802,5.709878421857914,197.41338720172158,19.379043084273164,308.39188942105733,1.3405261474098655,142.84763184639442,-2357.2612535781195,1.5,131.6089248011477,280936.00083442125,0.57812,0.7998360273391872,1.377956027339187,19674.38345403022,37.26565967579564,48.11688232952264,35.786041965321125,1101995.0230855157
362659.5691266509,340.0,270.1103825922705,-11.50158399982035,611.411966592091,62.30636401467756,29.388679857359485,3.8065856145719397,129.30936364818126,23.941404330649704,248.75239746543994,1.3171035576593917,95.23175456426225,-1571.5075023854008,1.0,129.30936364818126,362659.5691266509,0.57812,0.8667412041912297,1.4448612041912297,20635.911220890317,33.07530496412664,33.66712142036302,26.879882386640542,1101995.0230855157
-265590.02809611824,320.0,138.8963739371084,-70.14224835617019,519.4386222932786,45.38018816560602,23.265095031555845,19.03292807285971,639.4639340842601,57.8865050351151,785.0286503893968,1.302674762005176,476.1587728213527,-7857.537511927691,5.0,127.89278681685202,-265590.02809611824,0.5427200000000001,0.6130132468436288,1.155733246843629,16469.120123761208,55.566269160995525,92.66145407291059,80.00000006956331,1101995.0230855157
-190274.8155183702,320.0,150.0036045655281,-62.01858847083005,522.4221930363582,46.6732731378989,23.684528922232968,17.129635265573732,572.1703466711145,53.03922455790818,712.6970085547283,1.2950984418319487,428.54289553920904,-7071.783760734781,4.5,127.14896592691434,-190274.8155183702,0.5427200000000001,0.6328034087284936,1.1755234087284938,16756.57071664553,53.54719594529447,89.46389239913749,74.7148625141408,1101995.0230855157
-116076.25881435454,320.0,160.15778222409878,-54.25143891292624,524.809221137025,47.856929007580575,24.068979005826197,15.226342458287755,505.9981999593663,47.73502952031876,640.8854799513796,1.288483700122728,380.92701825706826,-6286.030009541923,4.0,126.49954998984157,-116076.25881435454,0.5427200000000001,0.6509188008171035,1.1936388008171035,17020.017763319425,51.77908393162051,88.59676319846574,68.68103796684112,1101995.0230855157
-40637.59894270357,320.0,174.87594095941455,-46.639346267819846,531.9152872272344,49.68265483185703,24.66287621451773,13.323049651001782,442.94848072005965,41.93582475250182,572.552886169938,1.289065901132819,333.31114097493133,-5500.276258349127,3.5,126.55670877715991,-40637.59894270357,0.5427200000000001,0.6788608234946556,1.2215808234946557,17424.613787850798,49.19051124255031,88.41082345927116,63.2583601414105,1101995.0230855157
37240.802536574716,320.0,194.95848875876882,-38.93482148873674,544.2933102475056,52.33063232757758,25.526053248458243,11.41975684371582,387.96638934284607,29.809675948333133,507.05250771093085,1.3172335893787168,285.695263692796,-4714.5225071563555,3.0,129.3221297809487,37240.802536574716,0.5427200000000001,0.7193870877624035,1.2621070877624034,18009.599592922757,45.70601145693157,103.77262237904343,58.355144914802416,1101995.0230855157
114543.7908392009,320.0,214.04370706139392,-31.603307839871793,556.0470149012657,54.92034742952326,26.372124912447177,9.51646403642985,324.77456677144716,25.919720912217414,441.5032240620649,1.3232196811231223,238.0793864106612,-3928.7687559635947,2.5,129.90982670857886,114543.7908392009,0.5427200000000001,0.7590216687847996,1.3017416687847996,18581.636499353808,42.570642489533334,85.81409203094547,52.210881452372725,1101995.0230855157
191400.41735659825,320.0,232.61764643859868,-24.514769502749772,567.5324159413484,57.505511050056995,27.218395065490725,7.613171229143881,261.7163665748752,22.07855466518337,376.1319985847502,1.3328793359903786,190.46350912852733,-3143.0150047708503,2.0,130.8581832874376,191400.41735659825,0.5427200000000001,0.7985865911568503,1.3413065911568502,19152.57089752378,39.67479632371439,67.50931040394461,44.8173848251128,1101995.0230855157
266683.70834304515,320.0,249.09044968526297,-17.7401295645836,577.2305792498466,59.810469337934684,27.97423375541747,5.70987842185791,197.41336906843574,19.63892032315568,310.5468709068015,1.3405260242766568,142.84763184639445,-2357.2612535781195,1.5,131.6089127122905,266683.70834304515,0.5427200000000001,0.8338630800437936,1.3765830800437937,19662.130351271386,37.26556834786419,48.11704761145545,35.786129667329526,1101995.0230855157
348403.177617123,320.0,277.4109457128129,-11.501583914782124,599.3125296275952,64.18162741450638,29.41062566558861,3.8065856145719397,129.30936767246865,24.201145643336496,250.90935201047208,1.3171035986494872,95.23175456426227,-1571.5075023854015,1.0,129.30936767246865,348403.177617123,0.5427200000000001,0.9007619519766282,1.4434819519766284,20623.578880743196,33.0754031084115,33.666996154815585,26.879802626468244,1101995.0230855157
-279830.1572067847,300.0,146.20209014807716,-70.14443395278204,507.3465241008592,47.257477913155114,23.274379181569145,19.03292807285971,639.464493406038,58.14740273402201,787.1766813076439,1.3026759014194964,476.1587728213526,-7857.537511927689,5.0,127.8928986812076,-279830.1572067847,0.50732,0.6470642630207111,1.1543842630207113,16457.1584095474,55.56626916261616,92.66638865137186,80.00000006723002,1101995.0230855157
-204514.13915404532,300.0,157.31227418364728,-62.01867328250877,510.33094746615603,48.55078911318857,23.695058286210703,17.12963526557374,572.1701775403003,53.29942641492805,714.8450866202014,1.2950980590070524,428.5428955392088,-7071.78376073478,4.5,127.14892834228895,-204514.13915404532,0.50732,0.6668578872330376,1.1741778872330377,16744.66485908601,53.54650935139761,89.46171735022706,74.71582053678742,1101995.0230855157
-130317.2819295039,300.0,167.46552667109322,-54.25147725916969,512.7170039302629,49.73424316918518,24.08047753229669,15.226342458287773,505.99797844984937,47.99524425014777,643.0342858597668,1.2884831360665674,380.92701825706826,-6286.0300095419225,4.0,126.49949461246234,-130317.2819295039,0.50732,0.6849701906417954,1.1922901906417953,17008.07208657566,51.77844073105307,88.5953797077873,68.68189113433522,1101995.0230855157
-54881.49270159262,300.0,182.18162540106883,-46.63939137489049,519.8210167759593,51.559580160242334,24.675777747492287,13.323049651001785,442.9472968020964,42.19680511671915,574.7025094775519,1.2890624557021595,333.3111409749312,-5500.276258349124,3.5,126.55637051488468,-54881.49270159262,0.50732,0.7129062623783665,1.2202262623783666,17412.589336901812,49.19006950618187,88.40505874146868,63.25892821375865,1101995.0230855157
22993.40585320111,300.0,202.26225200287385,-38.93483824966852,532.1970902525424,54.207158178754334,25.540910621107148,11.419756843715817,387.96626969254766,30.069589063216263,509.20368439934117,1.3172331831389064,285.69526369279623,-4714.52250715636,3.0,129.3220898975159,22993.40585320111,0.50732,0.7534264128030216,1.2607464128030215,17997.496389554097,45.70567905583669,103.77396440985204,58.35556931094886,1101995.0230855157
100293.29074793385,300.0,221.34579943713993,-31.60331481538204,543.949114252522,56.79653007921643,26.388772596472418,9.516464036429847,324.77448223524965,26.179574557219816,443.65582350458817,1.3232193366997225,238.07938641066127,-3928.7687559635965,2.5,129.90979289409987,100293.29074793385,0.50732,0.7930557412603773,1.3003757412603774,18569.466073588632,42.57040987149164,85.81486272425404,52.21116674896806,1101995.0230855157
177147.13091436494,300.0,239.91833404294826,-24.514771840116396,555.4331058830646,59.381405432570396,27.236724917230383,7.613171229143881,261.71631143200614,22.33836195774883,378.28597496869963,1.33287905515662,190.46350912852745,-3143.0150047708516,2.0,130.85815571600307,177147.13091436494,0.50732,0.832616251815513,1.3399362518155131,19140.34474038087,39.67464540301651,67.50969722228301,44.81755530857714,1101995.0230855157
252428.18321738217,300.0,256.39009864985934,-17.74012958093511,565.1302282307944,61.686150651605615,27.99398382664129,5.709878421857916,197.4133509472583,19.898681166049137,312.70204501341226,1.34052590122567,142.84763184639436,-2357.2612535781186,1.5,131.60890063150552,252428.18321738217,0.50732,0.8678894797668064,1.3752094797668064,19649.86373290315,37.265477059722436,48.1172128273954,35.786217331557516,1101995.0230855157
334141.840641511,300.0,284.70570294752724,-11.501583570333556,587.2072865178608,66.05642010135155,29.432691852051082,3.806585614571942,129.3094026385688,24.46034566980631,253.06544587634968,1.3171039548029286,95.2317545642623,-1571.507502385402,1.0,129.3094026385688,334141.840641511,0.50732,0.9347747516121654,1.4420947516121654,20611.12867839847,33.07593467996562,33.666318299745626,26.879370616786122,1101995.0230855157
-294072.8011391903,280.0,153.5056397205135,-70.14662108604485,495.2522608065583,49.13477526496489,23.284083194366502,19.032928072859708,639.4650535498124,58.40822186374513,789.3250619457486,1.3026770425083347,476.15877282135295,-7857.537511927693,5.0,127.8930107099625,-294072.8011391903,0.47192,0.6811147005668323,1.1530347005668322,16445.186382828542,55.5662691642332,92.67132963854216,80.00000006490194,1101995.0230855157
-218755.96192314336,280.0,164.61878095953574,-62.01875791064549,498.2375388701812,50.428313056443024,23.70599437527784,17.129635265573746,572.1700118258107,53.55954627021929,716.9935007933245,1.2950976839149513,428.54289553920887,-7071.783760734779,4.5,127.14889151684682,-218755.96192314336,0.47192,0.7009117926729698,1.1728317926729699,16732.748714865804,53.545821909638136,89.4595779146149,74.71677976709334,1101995.0230855157
-144560.79315499892,280.0,174.77110542905766,-54.25151563285674,500.6226210619144,51.61156491008122,24.092370439141206,15.226342458287775,505.99775667219785,48.25537973720525,645.1834142169133,1.2884825713276231,380.92701825706837,-6286.030009541926,4.0,126.49943916804946,-144560.79315499892,0.47192,0.7190210014533838,1.1909410014533837,16996.11598697902,51.77779725635053,88.59399362191681,68.68274468666608,1101995.0230855157
-69127.8558822418,280.0,189.48514531096274,-46.63943626307409,507.7245815740368,53.43651323215213,24.689055890508627,13.323049651001783,442.94612371315884,42.457694969457236,576.8524374562786,1.2890590417860623,333.3111409749313,-5500.276258349123,3.5,126.55603534661681,-69127.8558822418,0.47192,0.7469511247624957,1.218871124762496,17400.554425089653,49.18962730708523,88.3993609336419,63.25949689139281,1101995.0230855157
8743.562551702664,280.0,209.56384898729726,-38.93485501531784,520.098704002615,56.083691531109885,25.556121172740543,11.419756843715831,387.96615001268276,30.32942189066336,511.3551414509124,1.317232776798713,285.69526369279606,-4714.522507156356,3.0,129.3220500042276,8743.562551702664,0.47192,0.787465157635047,1.259385157635047,17985.382575123167,45.705346571035314,103.77530681412034,58.355993820143645,1101995.0230855157
86040.36491805612,280.0,228.64572557377596,-31.603321791630204,531.8490473654061,58.67272024917344,26.405752938200834,9.516464036429863,324.7743976919889,26.43934753155702,445.80868244735007,1.3232189922475452,238.07938641066136,-3928.768755963599,2.5,129.90975907679558,86040.36491805612,0.47192,0.8270892338194561,1.299009233819456,18557.284955630985,42.57017723335908,85.81563349814803,52.21145207332237,1101995.0230855157
162891.43771116942,280.0,247.21685566242195,-24.51477417719144,543.3316298396134,61.25730740050121,27.255368953958197,7.61317122914389,261.71625629658536,22.598088248255248,380.4401921284439,1.332878774360796,190.46350912852736,-3143.01500477085,2.0,130.85812814829268,162891.43771116942,0.47192,0.8666453335548215,1.3385653335548215,19128.1078284467,39.67449450212773,67.51008399435678,44.81772577096145,1101995.0230855157
238170.26687947323,280.0,263.6875820443788,-17.740129597244557,553.0277116416233,63.56183964581166,28.014033104278933,5.709878421857912,197.4133328375951,20.15836075260645,314.85744476215007,1.3405257782528703,142.84763184639434,-2357.261253578118,1.5,131.60888855839676,238170.26687947323,0.47192,0.9019153020262036,1.3738353020262037,19637.586318184425,37.26538580871987,48.11737798205937,35.786304960549906,1101995.0230855157
319802.4632814344,280.0,291.8779044912755,-11.501571948681311,574.9794764399567,67.91047165436908,29.448181176336487,3.8065856145719428,129.31078411767527,24.70099059556952,255.1770131585223,1.3171180261044537,95.23175456426233,-1571.5075023854026,1.0,129.31078411767527,319802.4632814344,0.47192,0.968469421261279,1.4403894212612791,20594.130031356726,33.095326276136475,33.64161492136718,26.863621101958003,1101995.0230855157
-308316.5008946946,260.0,160.80854360104206,-70.14880973491366,483.15735333595575,51.01208611392992,23.294201918578068,19.032928072859708,639.4656145198113,58.6690236054713,791.4738542306503,1.3026781852803058,476.15877282135267,-7857.53751192769,5.0,127.89312290396228,-308316.5008946946,0.43651999999999996,0.7151646963391549,1.151684696339155,16433.208861369956,55.56626916585052,92.67627698000076,80.00000006257345,1101995.0230855157
-232998.82504274097,260.0,171.9246457640129,-62.01884235743994,486.14348812145283,52.30585085167453,23.717332204640016,17.12963526557374,572.1698494790586,53.819645363246835,719.1423131641938,1.2950973164456705,428.54289553920904,-7071.78376073478,4.5,127.14885543979082,-232998.82504274097,0.43651999999999996,0.7349652617695114,1.1714852617695115,16720.827100489678,53.54513363507382,89.45747359527837,74.71774018413873,1101995.0230855157
-158805.33296949323,260.0,182.07604116945765,-54.25155379302444,488.5275949624821,53.488900358992474,24.10465297676167,15.226342458287766,505.9975424435969,48.515489694336544,647.3329279319754,1.2884820258117284,380.92701825706854,-6286.030009541926,4.0,126.49938561089922,-158805.33296949323,0.43651999999999996,0.7530713737183047,1.1895913737183046,16984.154335449293,51.77715316507231,88.592675384338,68.68359907811309,1101995.0230855157
-83375.24221008224,260.0,196.78799805756705,-46.63948462484242,495.6274826824095,55.313456619256826,24.702704951248922,13.323049651001797,442.9447931032584,42.71872056772576,579.0027248924918,1.2890551694534436,333.31114097493133,-5500.276258349125,3.5,126.55565517235955,-83375.24221008224,0.43651999999999996,0.7809954966741599,1.2175154966741597,17388.513143610944,49.18918921380402,88.39267392380582,63.26006029894306,1101995.0230855157
-5507.269222745614,260.0,216.86480064439843,-38.93487178566437,507.9996724300628,57.960238277324784,25.571680582898217,11.419756843715833,387.966030303249,30.589235645620548,513.5069416528085,1.3172323703581255,285.6952636927961,-4714.522507156356,3.0,129.322010101083,-5507.269222745614,0.43651999999999996,0.8215034591123753,1.2580234591123753,17973.262970776676,45.70501400304822,103.77664958931894,58.35641844172672,1101995.0230855157
71786.4712457154,260.0,235.9450063957446,-31.60332876865759,519.7483351644022,60.548923829939575,26.423061856820798,9.516464036429854,324.77431314115967,26.69910105433693,447.96186391868684,1.3232186477645325,238.07938641066133,-3928.7687559635974,2.5,129.90972525646387,71786.4712457154,0.43651999999999996,0.8611222832832441,1.2976422832832442,18545.097967154892,42.569944573749964,85.8164043572219,52.21173742713602,1101995.0230855157
148634.7954178236,260.0,254.51473220260183,-24.514776514012652,531.2295087166144,63.133222840049314,27.274323302929517,7.613171229143885,261.71620116771555,22.857794758952572,382.59471329879085,1.3328784935983329,190.46350912852753,-3143.015004770852,2.0,130.85810058385778,148634.7954178236,0.43651999999999996,0.9006739731294887,1.3371939731294888,19115.864983310716,39.67434361858358,67.51047072648082,44.817896215049196,1101995.0230855157
223911.41681520827,260.0,270.9844207487512,-17.740129613513158,540.9245503622643,65.43754220110341,28.034377878708003,5.709878421857919,197.41331473878503,20.418020306601626,317.013133547056,1.340525655353768,142.84763184639428,-2357.261253578117,1.5,131.60887649252336,223911.41681520827,0.43651999999999996,0.9359406834902395,1.3724606834902395,19625.30292814976,37.265294592115914,48.11754308026948,35.78639255693796,1101995.0230855157
305361.42159397516,260.0,298.88908365019876,-11.501545370767815,562.5906290209666,69.73690614230443,29.45477994807423,3.806585614571939,129.31396342399728,24.91697229804355,257.2292074269914,1.3171504094953366,95.23175456426222,-1571.5075023854004,1.0,129.31396342399728,305361.42159397516,0.43651999999999996,1.001740774142794,1.438260774142794,20571.082652068693,33.13987130974008,33.58500544310062,26.827512314454257,1101995.0230855157
-322559.1978637898,240.0,168.11295178669022,-70.150999877223,471.06395166391314,52.889420327812886,23.304730286550516,19.032928072859708,639.4661763018614,58.92989453861842,793.6231495277029,1.3026793297065344,476.1587728213526,-7857.537511927689,5.0,127.89323526037228,-322559.1978637898,0.40112000000000003,0.7492144467188167,1.1503344467188168,16421.23270806856,55.566269167469066,92.68123065147783,80.00000006024318,1101995.0230855157
-247240.6701149901,240.0,179.2320185225962,-62.01892662534544,474.0509451479416,54.18341235825102,23.729066873773707,17.129635265573746,572.1696904498707,54.079810315462545,721.2916152629317,1.2950969564856438,428.54289553920887,-7071.783760734781,4.5,127.14882009997126,-247240.6701149901,0.40112000000000003,0.7690184907753242,1.1701384907753243,16708.90687770142,53.54444454131674,89.45540387888288,74.7187017690192,1101995.0230855157
-173048.84399286105,240.0,189.38248208982824,-54.251591981957276,476.4340740717855,55.36625914086449,24.117320323619385,15.226342458287776,505.9973278812917,48.7756682605832,649.4829180646466,1.2884814794460837,380.9270182570685,-6286.030009541925,4.0,126.49933197032293,-173048.84399286105,0.40112000000000003,0.7871215001014673,1.1882415001014675,16972.19394286391,51.77650881388838,88.59135396943809,68.6844538355967,1101995.0230855157
-97621.55721565359,240.0,204.09240423652201,-46.63952539169015,483.53192962821214,57.190430141639816,24.716723676206954,13.32304965100179,442.94380958394703,42.97947379107016,581.1534868438657,1.2890523072216888,333.3111409749311,-5500.276258349122,3.5,126.555374166842,-97621.55721565359,0.40112000000000003,0.8150397268108925,1.2161597268108926,17376.474541619475,49.18874154471203,88.3881632581578,63.260636031780564,1101995.0230855157
-19757.031719366612,240.0,224.16725695114428,-38.9348885607198,495.90214551186403,59.83680828335829,25.58758461685651,11.41975684371582,387.96591056416855,30.849116923131508,515.6591772312306,1.3172319638168828,285.6952636927957,-4714.522507156352,3.0,129.32197018805618,-19757.031719366612,0.40112000000000003,0.8555415135885376,1.2566615135885377,17961.14444245612,45.70468135166527,103.77799273632387,58.356843175971115,1101995.0230855157
57533.66722875059,240.0,243.2457918686342,-31.603335746520404,507.6491276151546,62.42515068463954,26.440695358473384,9.51646403642985,324.77422858208644,26.958921724774786,450.11546038640404,1.323218303247931,238.07938641066136,-3928.768755963599,2.5,129.90969143283456,57533.66722875059,0.40112000000000003,0.8951550859618875,1.2962750859618875,18532.91197448219,42.56971189080708,85.81717530763254,52.21202281268779,1101995.0230855157
134379.26130334625,240.0,261.8141136075878,-24.514778850623227,519.128892458211,65.00916160946579,27.293584179796504,7.613171229143881,261.71614604439185,23.11756809206674,384.74963115486474,1.3328782128641161,190.46350912852753,-3143.0150047708526,2.0,130.85807302219592,134379.26130334625,0.40112000000000003,0.934702366775074,1.335822366775074,19103.623071100614,39.67419274964751,67.51085742566694,44.818066643931296,1101995.0230855157
209653.69010589592,240.0,278.2827646797346,-17.74012962974185,528.8228943094765,67.31326816974396,28.055014530132976,5.709878421857911,197.41329665024736,20.677746431598354,319.1692042035806,1.3405255325244174,142.8476318463945,-2357.2612535781204,1.5,131.60886443349824,209653.69010589592,0.40112000000000003,0.9699658203028285,1.3710858203028287,19613.020428304877,37.26520340703025,48.11770812722192,35.786480123487266,1101995.0230855157
290920.6324842793,240.0,305.9002203411298,-11.501518741384382,550.2017390825142,71.56311144591373,29.46150866753744,3.8065856145719406,129.31716579547012,25.13273507474167,259.28110659823494,1.3171830278204184,95.23175456426235,-1571.5075023854029,1.0,129.31716579547012,290920.6324842793,0.40112000000000003,1.0350080164638262,1.4361280164638262,20547.980634399668,33.18470037561359,33.52822706580103,26.791271180979322,1101995.0230855157
-336798.3199894602,220.0,175.42155274394895,-70.15319149911514,458.9747442430641,54.76679104105384,23.315663265411693,19.032928072859708,639.4667388973925,59.190942955806605,795.7730642325242,1.3026804757899337,476.1587728213527,-7857.5375119276905,5.0,127.89334777947849,-336798.3199894602,0.36572,0.7832641980313926,1.1489841980313924,16409.26652226522,55.56626916908845,92.68619062542493,80.00000005791172,1101995.0230855157
-261478.92529056966,220.0,186.5435876377674,-62.01901071687036,461.96259835463775,56.061010702726,23.741193517009087,17.12963526557374,572.1695346891612,54.34014947073735,723.4415236452074,1.2950966039237652,428.542895539209,-7071.783760734779,4.5,127.14878548648028,-261478.92529056966,0.36572,0.8030717258952816,1.1687917258952816,16696.996644806208,53.54375464063006,89.45336826251965,74.71966450471086,1101995.0230855157
-187288.75422496395,220.0,196.69311721419106,-54.25163011987525,464.3447473340663,57.24365446661378,24.13036779706884,15.226342458287771,505.99711556946113,49.036021267598734,651.6335015590303,1.2884809388110923,380.9270182570682,-6286.0300095419225,4.0,126.49927889236528,-187288.75422496395,0.36572,0.8211716280989004,1.1868916280989004,16960.24342671039,51.77586409121434,88.59005266565201,68.68530910717004,1101995.0230855157
-111864.26586112252,220.0,211.40098164016015,-46.63956963784055,471.4405512780007,59.0674369730858,24.731104314832272,13.323049651001801,442.9426682262542,43.24055797394911,583.3048171391232,1.2890489856496623,333.3111409749311,-5500.276258349123,3.5,126.55504806464407,-111864.26586112252,0.36572,0.8490839090543163,1.2148039090543163,17364.4450349051,49.18829799245623,88.38266152104248,63.261206480423276,1101995.0230855157
-34003.15374219767,220.0,231.47390635217607,-38.934905340518526,483.80881169269463,61.71341468054485,25.603829074346503,11.419756843715831,387.9657907953396,31.10917404094548,517.8119654348923,1.3172315571746347,285.6952636927959,-4714.5225071563555,3.0,129.3219302651132,-34003.15374219767,0.36572,0.889579567341574,1.2552995673415739,17949.03559226843,45.70434861610392,103.77933625876268,58.35726802388079,1101995.0230855157
43284.52380750154,220.0,250.5507704227992,-31.603342725286545,495.5541131480857,64.30141394117527,26.45864948421296,9.51646403642986,324.7741440139456,27.21891786482049,452.26958934058416,1.3232179586943873,238.0793864106611,-3928.768755963594,2.5,129.90965760557825,43284.52380750154,0.36572,0.9291878880809106,1.2949078880809104,18520.735579972075,42.569479182271444,85.81794635686816,52.21230823274943,1101995.0230855157
120127.40607663739,220.0,269.11768828378734,-24.514781187069307,507.03246947085665,66.8851368312726,27.3131478358411,7.613171229143888,261.7160909255124,23.37751657244928,386.90506339421927,1.332877932152536,190.46350912852725,-3143.0150047708485,2.0,130.8580454627562,120127.40607663739,0.36572,0.9687307606347517,1.3344507606347518,19091.390693875364,39.67404189231422,67.51124409961737,44.81823706100237,1101995.0230855157
195399.6572705109,220.0,285.58530221452344,-17.74012964593189,516.7254318604553,69.18903066788292,28.075939475190854,5.709878421857912,197.4132785712154,20.93764745379734,321.3257745899444,1.3405254097596184,142.84763184639436,-2357.261253578118,1.5,131.60885238081025,195399.6572705109,0.36572,1.003990958509617,1.3697109585096168,19600.747420005482,37.26511225041837,48.11787312824043,35.78656766312103,1101995.0230855157
276485.10684099945,220.0,312.91788873452975,-11.501492421050497,537.8193811555802,73.38977004255864,29.46858635613715,3.806585614571939,129.32034756860952,25.348984732703535,261.33427431458074,1.3172154363375086,95.23175456426225,-1571.5075023854015,1.0,129.32034756860952,276485.10684099945,0.36572,1.0682816385826748,1.4340016385826748,20524.978967543153,33.229203738226,33.47205075184218,26.7553900578763,1101995.0230855157
-351030.9500669555,200.0,182.73739658764927,-70.15538458627069,446.8927811739199,56.64421332392173,23.326995801849463,19.032928072859704,639.4673023025836,59.45229173966096,797.9237312408754,1.3026816235227203,476.15877282135284,-7857.5375119276905,5.0,127.89346046051672,-351030.9500669555,0.33032,0.8173142276347543,1.1476342276347544,16397.320034563734,55.566269170708885,92.69115688126274,80.00000005557878,1101995.0230855157
-275710.6735702682,200.0,193.8624031619634,-62.01909463458568,449.8814977965491,57.93866094766516,23.753707247411704,17.12963526557374,572.1693821484007,54.60078575776606,725.5921713668173,1.2950962586501897,428.5428955392089,-7071.783760734781,4.5,127.14875158853347,-275710.6735702682,0.33032,0.83712524436936,1.16744524436936,16685.106131407403,53.54306394474422,89.45136624636065,74.7206283749316,1101995.0230855157
-201522.1468080132,200.0,204.01099662732625,-54.25166820753775,452.262664834864,59.12110140313557,24.14379066623905,15.226342458287776,505.99690547574596,49.29667163946881,653.7848116428772,1.2884804038243516,380.92701825706837,-6286.030009541923,4.0,126.49922636893649,-201522.1468080132,0.33032,0.8552220350168307,1.1855420350168306,16948.31251818528,51.77521900182813,88.58877118595811,68.68616488653224,1101995.0230855157
-126100.43937109062,200.0,218.71680389291777,-46.63961367545399,459.35641756837174,60.944495498058565,24.745843447559047,13.323049651001805,442.9415371443571,43.501931198485906,585.4568569394623,1.2890456939821917,333.3111409749312,-5500.276258349124,3.5,126.55472489838772,-126100.43937109062,0.33032,0.8831283714847691,1.213448371484769,17352.435083615175,49.187853998942664,88.37722337608588,63.26177750686666,1101995.0230855157
-48242.718945198925,200.0,238.78779893753105,-38.93492212511985,471.7227210626509,63.59007253531706,25.62040973057481,11.41975684371583,387.96567099619375,31.3695299020484,519.9654400078498,1.3172311504294552,285.6952636927958,-4714.52250715635,3.0,129.32189033206458,-48242.718945198925,0.33032,0.9236178976706532,1.2539378976706532,17936.94615340718,45.7040157952988,103.78068016051711,58.35769298682091,1101995.0230855157
29041.957071868004,200.0,257.8629921322754,-31.60334970503148,483.46634183730686,66.1777286621781,26.476920249811176,9.51646403642986,324.77405943582085,27.47921238119887,454.42438476543884,1.3232176141001635,238.07938641066139,-3928.768755963599,2.5,129.90962377432834,29041.957071868004,0.33032,0.9632209668812894,1.2935409668812896,18508.578516986705,42.56924644562745,85.81871751326842,52.212593690407424,1101995.0230855157
105882.14559524169,200.0,276.4285062794547,-24.51478352340112,494.9432898028559,68.76116356233112,27.333010496612903,7.613171229143888,261.71603580990484,23.63776310962144,389.0611442076142,1.3328776514576164,190.46350912852725,-3143.015004770848,2.0,130.85801790495242,105882.14559524169,0.33032,1.0027594318611956,1.3330794318611956,19079.177584609522,39.67389104336983,67.51163075656864,44.81840746989276,1101995.0230855157
181152.23397561774,200.0,292.8950833705072,-17.74012966208355,504.6352130325908,71.0648447456582,28.097149104590102,5.709878421857918,197.41326050115083,21.197846283716014,323.4829790569731,1.3405252870557098,142.84763184639448,-2357.2612535781195,1.5,131.60884033410056,181152.23397561774,0.33032,1.0380163751603828,1.3683363751603828,19588.493635447092,37.26502111906982,48.11803808925337,35.786655178922004,1101995.0230855157
262058.03445242235,200.0,319.94557876422573,-11.501466447279919,525.4470452115056,75.21697241330256,29.476036070254068,3.8065856145719392,129.32350360585,25.565913055104712,263.38901075908325,1.3172475827170145,95.23175456426227,-1571.5075023854017,1.0,129.32350360585,262058.03445242235,0.33032,1.1015630719900653,1.4318830719900653,20502.10388590246,33.27331134881258,33.416559406114736,26.719922704071934,1101995.0230855157
